対象リソース	企業対応履歴
RESOURCE_CATEGORY	client_action
関連リソース	企業
項目ID	項目ラベル	項目タイプ	最大サイズ	必須	読み取り専用	更新	並び替え	参照マスタ
CLIENT_ACTION#CLIENT_ID	企業ID	number	-	-	●	○	○	-
CLIENT_ACTION#HISTSEQ	対応番号	number	-	-	●	○	○	-
CLIENT_ACTION#ACTION_ID	アクションID	selectone	2	-	-	○	○	MSTACTION_CLIENT	※1 条件付き必須。「対応日」「アクションID」「担当」いずれかは必須
CLIENT_ACTION#ACTION_DATE	対応日	date	-	-	-	○	○	-	※1 条件付き必須。「対応日」「アクションID」「担当」いずれかは必須
CLIENT_ACTION#NEXTACTION_DATE	次回コンタクト日	datetime	-	-	-	○	○	-
CLIENT_ACTION#COMPLETE_DATE	完了日	date	-	-	-	○	○	-
CLIENT_ACTION#ACTIONCHARGE_ID	担当	selectone	13	-	-	○	○	MSTUSER	※1 条件付き必須。「対応日」「アクションID」「担当」いずれかは必須
CLIENT_ACTION#ACTIONTEAM_ID	担当チーム	selectone	-	-	●	○	○	MSTTEAM
CLIENT_ACTION#ACTIONMEMO	内容	textarea	2000	-	-	○	×	-