	改訂履歴

	文書名	CAREER PLUS_APIv2_項目一覧		文書番号

	改定日	改定者	改定箇所	改定内容
	2021-05-21 00:00:00	鈴木	全シート	APIv2の構築に伴い新規作成
	2022-10-17 00:00:00	鈴木	求職者	CAREER PLUS バージョンアップ（v3.6.11.2）に伴う修正 /  / 下記項目で使用する都道府県マスタの修正 / ・CAREER#WISHWKAREA_ID
	2023-01-18 00:00:00	時田	求人	CAREER PLUS バージョンアップ（v3.7.4）に伴う修正 /  / 小数点以下の数値を扱えるように下記項目の最大サイズを4から7へ変更 / ・ORDER#MINANNUALINCM / ・ORDER#MAXANNUALINCM / ・ORDER#MODELANNUALINCM / ・ORDER#MINBASEPAY / ・ORDER#MAXBASEPAY / ・ORDER#MINBASE_EXC_FIX_OVERTIME_PAY / ・ORDER#MAXBASE_EXC_FIX_OVERTIME_PAY
	2023-02-07 00:00:00	菅野	求職者 / 求職者候補	CAREER PLUS バージョンアップ（v3.7.4）に伴う修正 /  / 求職者の生年月日から必須を外す / <求職者>シート / ・CAREER#BIRTH_DATE / <求職者候補>シート / ・WRKCAREER#BIRTH_DATEY / ・WRKCAREER#BIRTH_DATEM / ・WRKCAREER#BIRTH_DATED
	2023-04-17 00:00:00	大西	求職者	CAREER PLUS バージョンアップ（v3.7.5）に伴う修正 /  / 求職者の職安職種に2023年新分類項目を追加 / それに伴い、既存の職安職種の項目ラベルに「（旧分類）」を付与 / <求職者>シート / ・CAREER#PUBLICEMPLOYMENT_REV2023_ID / ・CAREER#PUBLICEMPLOYMENT_ID
	2023-04-26 00:00:00	吉田	部署	CAREER PLUS バージョンアップ（v3.7.6）に伴う修正 /  / 部署担当者を5名まで登録できるようにする。 / <部署>シート / ・DEPARTMENT#CLT_CHARGE_SEQ1~5 / ・DEPARTMENT#CLT_CHARGE_TYPE1~5 / ・DEPARTMENT#CLT_CHARGE_POST1~5 / ・DEPARTMENT#CLT_CHARGE_NAME1~5 / ・DEPARTMENT#CLT_CHARGE_TEL1~5 / ・DEPARTMENT#CLT_CHARGE_FAX1~5 / ・DEPARTMENT#CLT_CHARGE_Email1~5
	2023-05-15 00:00:00	吉田	求人	CAREER PLUS バージョンアップ（v3.7.7）に伴う修正 / PROJECTMANAGEMENT-992 / 　【Product】事業報告書の追加改修_求人の雇用期間を「日数」で入力できるように追加する /  / 雇用期間（日数）を追加 / ・ORDER#EMPLOYMENT_PERIOD_NUM_OF_DAYS
	2023-05-29 00:00:00	畝重	求人	CAREER PLUS バージョンアップ（v3.7.5）に伴う修正 /  / 求人の職安職種に2023年新分類項目を追加 / それに伴い、既存の職安職種の項目ラベルに「（旧分類）」を付与 / <求人>シート / ・ORDER#PUBLICEMPLOYMENT_REV2023_ID / ・ORDER#PUBLICEMPLOYMENT_ID
	2023-06-19 00:00:00	吉田	求職者	CAREER PLUS バージョンアップ（v3.7.4.4）に伴う修正 /  / 求職者に下記項目を新規追加。 / ・CAREER#UNIQUE_KEY / ・CAREER#MYPAGE_STATUS / ・CAREER#LAST_LOGIN / ・CAREER#CHARGE_EMAIL / 
	2023-06-26 00:00:00	由井	求職者	 / CAREER PLUS バージョンアップ（v3.7.4.4）に伴う修正 /  / 求職者の以下項目の項目タイプを修正。 / ・CAREER#WISHWKAREA_ID / 
	2023-09-27 00:00:00	由井	求職者候補	CAREER PLUS バージョンアップ（v3.7.5.3）に伴う修正 /  / 求職者候補に下記項目を新規追加。 / ・WRKCAREER#MEDIA_ID
	2023-11-15 00:00:00	相良	求人	CAREER PLUS バージョンアップ（v3.7.6）に伴う修正 /  / 求人に下記項目を新規追加 / ・ORDER#MEDIA16_FLG / ・ORDER#MEDIA16_REQUESTDATE
	2024-01-24 00:00:00	相良	求職者 / 求職者職歴 / 求人 / 進捗詳細 / 求職者候補	CAREER PLUS バージョンアップ（v3.7.8）に伴う修正 /  / 下記項目の最大サイズを12へ変更 / <求職者>シート / ・CAREER#ALLOWANCE_NUM_1～4 / ・CAREER#CURRENT_ANNUALINCOME_NUM / ・CAREER#MINWISHANNUALINCM_NUM / ・CAREER#MONTHLY_ANNUALINCOME_NUM / ・CAREER#WISHANNUALINCM_NUM / ・CAREER#YEAR_BONUS / <求職者職歴>シート / ・CAREER_WORKEXP#ANNUALINCM / <求人>シート / ・ORDER#MAXANNUALINCM / ・ORDER#MAXBASE_EXC_FIX_OVERTIME_PAY / ・ORDER#MAXBASEPAY / ・ORDER#MINANNUALINCM / ・ORDER#MINBASE_EXC_FIX_OVERTIME_PAY / ・ORDER#MINBASEPAY / ・ORDER#MODELANNUALINCM / <進捗詳細>シート / ・PROGRESS_HISTORY#ESTIMATED_SALES_AMOUNT / <求職者候補>シート / ・WRKCAREER#ANNUALINCM1～10 / ・WRKCAREER#CURRENT_ANNUALINCOME_NUM / ・WRKCAREER#MINWISHANNUALINCM_NUM / ・WRKCAREER#WISHANNUALINCM_NUM
	2024-02-15 00:00:00	時田	求人	CAREER PLUS バージョンアップ（v3.7.8）に伴う修正 /  / 以下の項目の最大サイズを2000から3000へ変更 / ・ORDER#WKCONTENTS / ・ORDER#WKCONTENTS_WEB /  / 以下の項目の最大サイズを500から1000へ変更 / ・ORDER#WKAREAMEMO /  / 以下の項目を追加 / ・ORDER#CONTRACT_RENEWAL_ID / ・ORDER#CONTRACT_RENEWAL_COMMENT / ・ORDER#RENEWAL_LIMIT_ID / ・ORDER#RENEWAL_LIMIT_COMMENT
	2024-02-27 00:00:00	時田	求人	CAREER PLUS バージョンアップ（v3.7.8）に伴う修正 /  / 以下の項目を削除 / ・ORDER#MEDIA5_FLG / ・ORDER#MEDIA5_REQUESTDATE
	2024-10-16 00:00:00	関谷	求職者 / 求職者候補	CAREER PLUS バージョンアップ（v3.8.0）に伴う修正 /  / 下記項目を削除 / <求職者>シート / ・CAREER#EMAILCELLULAR / ・CAREER#EMAILCELLULAR_FLG / ・CAREER#EMAILHOME / ・CAREER#EMAILHOME_FLG / ・CAREER#TELCELLULAR / ・CAREER#TELCELLULAR_FLG / ・CAREER#TELHOME / ・CAREER#TELHOME_FLG / ・CAREER#FAXHOME / ・CAREER#MSGFMLY_FLG / <求職者候補>シート / ・WRKCAREER#EMAILCELLULAR / ・WRKCAREER#EMAILCELLULAR_FLG / ・WRKCAREER#EMAILHOME / ・WRKCAREER#EMAILHOME_FLG / ・WRKCAREER#TELCELLULAR / ・WRKCAREER#TELCELLULAR_FLG / ・WRKCAREER#TELHOME / ・WRKCAREER#TELHOME_FLG / ・WRKCAREER#FAXHOME / ・WRKCAREER#MSGFMLY_FLG
	2024-10-16 00:00:00	関谷	求職者	CAREER PLUS バージョンアップ（v3.8.0）に伴う修正 /  / 下記項目を追加 / <求職者>シート / ・CAREER#TEL1 / ・CAREER#CAN_CONTACT_TEL1 / ・CAREER#IS_TEL1_PREFERRED / ・CAREER#TEL2 / ・CAREER#CAN_CONTACT_TEL2 / ・CAREER#IS_TEL2_PREFERRED / ・CAREER#TEL3 / ・CAREER#CAN_CONTACT_TEL3 / ・CAREER#IS_TEL3_PREFERRED / ・CAREER#EMAIL1 / ・CAREER#CAN_CONTACT_EMAIL1 / ・CAREER#IS_EMAIL1_PREFERRED / ・CAREER#EMAIL2 / ・CAREER#CAN_CONTACT_EMAIL2 / ・CAREER#IS_EMAIL2_PREFERRED / ・CAREER#EMAIL3 / ・CAREER#CAN_CONTACT_EMAIL3 / ・CAREER#IS_EMAIL3_PREFERRED / ・CAREER#SNS1 / ・CAREER#SNS2 / ・CAREER#SNS3 / ・CAREER#SNS4
	2024-10-16 00:00:00	関谷	求職者候補	CAREER PLUS バージョンアップ（v3.8.0）に伴う修正 /  / 下記項目を追加 / <求職者候補>シート / ・WRKCAREER#TEL1 / ・WRKCAREER#CAN_CONTACT_TEL1 / ・WRKCAREER#IS_TEL1_PREFERRED / ・WRKCAREER#TEL2 / ・WRKCAREER#CAN_CONTACT_TEL2 / ・WRKCAREER#IS_TEL2_PREFERRED / ・WRKCAREER#TEL3 / ・WRKCAREER#CAN_CONTACT_TEL3 / ・WRKCAREER#IS_TEL3_PREFERRED / ・WRKCAREER#EMAIL1 / ・WRKCAREER#CAN_CONTACT_EMAIL1 / ・WRKCAREER#IS_EMAIL1_PREFERRED / ・WRKCAREER#EMAIL2 / ・WRKCAREER#CAN_CONTACT_EMAIL2 / ・WRKCAREER#IS_EMAIL2_PREFERRED / ・WRKCAREER#EMAIL3 / ・WRKCAREER#CAN_CONTACT_EMAIL3 / ・WRKCAREER#IS_EMAIL3_PREFERRED / ・WRKCAREER#SNS1 / ・WRKCAREER#SNS2 / ・WRKCAREER#SNS3 / ・WRKCAREER#SNS4
	2024-10-16 00:00:00	青木	求職者候補	CAREER PLUS バージョンアップ（v3.8.0）に伴う修正 /  / <求職者候補>シート / 下記項目の項目ラベルを変更 / 英語・ビジネス経験 → 英語・ビジネス経験（経験年数） / ・WRKCAREER#ENGEXPYEAR /  / 下記項目を追加 / ・WRKCAREER#ADDR1KANA / ・WRKCAREER#ADDR2KANA / ・WRKCAREER#CNSLSTATUS_ID / ・WRKCAREER#RANK_ID / ・WRKCAREER#CHECK_FLG / ・WRKCAREER#PUBLICEMPLOYMENT_ID / ・WRKCAREER#PUBLICEMPLOYMENT_REV2023_ID / ・WRKCAREER#DOC_READING_FLG / ・WRKCAREER#TO_EXCHANGE_EMAIL_FLG / ・WRKCAREER#TEL_CONVERSATION_FLG / ・WRKCAREER#CONFERENCE_IN_ENG_FLG / ・WRKCAREER#BUSI_TALK_AND_NEGO_IN_ENG_FLG / ・WRKCAREER#STAY_ABROAD_FLG / ・WRKCAREER#MONTHLY_ANNUALINCOME_NUM / ・WRKCAREER#YEAR_BONUS / ・WRKCAREER#ALLOWANCE_ID1～4 / ・WRKCAREER#ALLOWANCE_NUM_1～4 / ・WRKCAREER#CAREER_SHEET_MEMO
	2024-12-18 00:00:00	青木	求人	CAREER PLUS バージョンアップ（v3.8.3）に伴う修正 /  / 下記項目を削除 / <求人>シート / ・ORDER#MEDIA9_FLG / ・ORDER#MEDIA9_REQUESTDATE
	2024-12-24 00:00:00	畝重	求職者対応履歴 / 企業対応履歴	CAREER PLUS バージョンアップ（v3.9.0）に伴う修正 /  / 下記項目を必須から条件付き必須へ変更 / <求職者対応履歴> / ・CAREER_ACTION#ACTION_DATE / ・CAREER_ACTION#ACTION_ID / ・CAREER_ACTION#ACTIONCHARGE_ID /  / <企業対応履歴>シート / ・CLIENT_ACTION#ACTION_ID / ・CLIENT_ACTION#ACTION_DATE / ・CLIENT_ACTION#ACTIONCHARGE_ID
	2025-02-26 00:00:00	堀	求人	CAREER PLUS バージョンアップ（v3.9.2）に伴う修正 /  / 下記項目を追加 / <求人>シート / ・ORDER#MINSALARYINCM / ・ORDER#MAXSALARYINCM / ・ORDER#SALARYINCMMEMO
	2025-04-25 00:00:00	時田	求職者対応履歴	CAREER PLUS バージョンアップ（v3.10.1）に伴う修正 /  / 下記項目を追加 / <求職者対応履歴>シート / ・CAREER_ACTION#ACTIONCHOICE_ID1 / ・CAREER_ACTION#ACTIONCHOICE_ID2 / ・CAREER_ACTION#ACTIONCHOICE_ID3 / ・CAREER_ACTION#ACTIONTEXT1 / ・CAREER_ACTION#ACTIONTEXT2
	2026-01-09 00:00:00	本居	部署	CAREER PLUS バージョンアップ（v3.14.2）に伴う修正 /  / 下記項目を必須に変更 / ・DEPARTMENT#CHARGE_ID
	2026-05-07 00:00:00	本居	求職者 / 求人 / 求職者候補	CAREER PLUS バージョンアップ（v3.14.7）に伴う修正 /  / 下記項目を削除 / ・CAREER#PUBLICEMPLOYMENT_ID / ・ORDER#PUBLICEMPLOYMENT_ID / ・WRKCAREER#PUBLICEMPLOYMENT_ID / 