対象リソース	求人
RESOURCE_CATEGORY	order 
関連リソース	企業、部署
項目ID	項目ラベル	項目タイプ	最大サイズ	必須	読み取り専用	更新	並び替え	参照マスタ
ORDER#ADDR1_1	市区町村1	text	100	-	-	○	○	-
ORDER#ADDR1_2	市区町村2	text	100	-	-	○	○	-
ORDER#ADDR2_1	丁目番地号1	text	70	-	-	○	○	-
ORDER#ADDR2_2	丁目番地号2	text	70	-	-	○	○	-
ORDER#ADDR3_1	ビル名等1	text	50	-	-	○	○	-
ORDER#ADDR3_2	ビル名等2	text	50	-	-	○	○	-
ORDER#AGE_FLG	年齢不問	selectone	-	-	-	○	○	MSTCHOICE
ORDER#AGELIMITCOMMENT_ID	年齢制限理由	selectone	-	-	-	○	○	MSTAGELIMIT
ORDER#AGELIMITCOMMENT_RE	具体理由	textarea	500	-	-	○	○	-
ORDER#ALLOWANCE	諸手当	textarea	150	-	-	○	×	-
ORDER#ANNUALHOLIDAYS	年間休日日数	number	3	-	-	○	○	-
ORDER#ANNUALINCMMEMO	年収について補足	textarea	200	-	-	○	○	-
ORDER#ANONYMITYEXT_FLG	社外HP匿名	selectone	-	-	-	○	○	MSTNONYMITY
ORDER#ANONYMITYINT_FLG	社内HP匿名	selectone	-	-	-	○	○	MSTNONYMITY
ORDER#BONUS_RE	賞与(回数)	number	4	-	-	○	○	-
ORDER#BRINGING	持参物	textarea	200	-	-	○	○	-
ORDER#CAREERCHANGE_NUM	転職回数	number	2	-	-	○	○	-
ORDER#CLOSED_FLG	条件(土日休み)	selectone	-	-	-	○	○	MSTCHOICE
ORDER#CONDITIONSMEMO	条件	textarea	100	-	-	○	○	-
ORDER#CONTACTINFO	連絡先	textarea	200	-	-	○	○	-
ORDER#CORETIMEEH	コアタイム(時)(終了)	number	2	-	-	○	○	-
ORDER#CORETIMEEM	コアタイム(分)(終了)	number	2	-	-	○	○	-
ORDER#CORETIMESH	コアタイム(時)(開始)	number	2	-	-	○	○	-
ORDER#CORETIMESM	コアタイム(分)(開始)	number	2	-	-	○	○	-
ORDER#CLIENTSUB_ID	部署	number	9	●	-	○	○	-
ORDER#CLIENT_ID	企業ID	number	9	●	-	×	○	-
ORDER#DISC_LABOR_SYS_HOUR	裁量労働制補足(時間)	number	5	-	-	○	○	-
ORDER#DISC_LABOR_SYS_TYPE	裁量労働制補足(制度)	selectone	-	-	-	○	○	MST_DISC_LABOR_SYS_TYPE
ORDER#DISCRETIONARY_LABOR_SYS_ID	裁量労働制	selectone	-	-	-	○	○	MST_CONTENT_CODE
ORDER#EMPLY_NUM	採用人数	number	3	-	-	○	○	-
ORDER#EMPLYPERIODEMON	採用時期(月)(終了)	text	2	-	-	○	○	-
ORDER#EMPLYPERIODEYR	採用時期(年)(終了)	text	4	-	-	○	○	-
ORDER#EMPLYPERIODSMON	採用時期(月)(開始)	text	2	-	-	○	○	-
ORDER#EMPLYPERIODSYR	採用時期(年)(開始)	text	4	-	-	○	○	-
ORDER#EMPTYPE_ID	雇用形態	selectone	-	-	-	○	○	MSTEMPTYPE
ORDER#EMPLOYMENT_PERIOD_NUM_OF_DAYS	雇用期間（日数）	number	3	-	-	○	○	-
ORDER#ENG_FLG	条件(英語使用)	selectone	-	-	-	○	○	MSTCHOICE
ORDER#ENGREADSKL_ID	英語力レベル(読解)	selectone	-	-	-	○	○	MSTREADSKL
ORDER#ENGSPEAKSKL_ID	英語力レベル(会話)	selectone	-	-	-	○	○	MSTSPEAKSKL
ORDER#ENGWRITESKL_ID	英語力レベル(作文)	selectone	-	-	-	○	○	MSTWRITESKL
ORDER#FIX_OVERTIME_PAY_DETAIL	固定残業代について補足	textarea	100	-	-	○	○	-
ORDER#FIX_OVERTIME_PAY_ID	固定残業代の有無	selectone	-	-	-	○	○	MST_CONTENT_CODE
ORDER#FOCUS_FLG	注力求人	selectone	-	-	-	○	○	MSTCHOICE
ORDER#FRIGNCPTL_FLG	条件(外資系企業)	selectone	-	-	-	○	○	MSTCHOICE
ORDER#HOLIDAYS	休日休暇	textarea	150	-	-	○	○	-
ORDER#HP_CORPNAME	WEB掲載用匿名会社名	text	50	-	-	○	○	-
ORDER#INCMSPLIT	年俸分割	number	2	-	-	○	○	-
ORDER#INCMTYPE_ID	給与形態	selectone	-	-	-	○	○	MSTINCMTYPE
ORDER#INDSEXP_FLG	条件(業界経験不問)	selectone	-	-	-	○	○	MSTCHOICE
ORDER#INSERT_DATE	入力日	datetime	-	-	●	○	○	-
ORDER#INSURANCE	保険	textarea	150	-	-	○	○	-
ORDER#INTERVIEW_NUM	面接回数	number	2	-	-	○	○	-
ORDER#HP_POSITIONNAME	WEB掲載用ポジション名	text	100	●	-	○	○	-
ORDER#INTERVIEWCONTENT	当日の内容	textarea	400	-	-	○	○	-
ORDER#LOCATIONADDRESS	会場住所	textarea	200	-	-	○	○	-
ORDER#LOCATIONNAME	会場名	textarea	100	-	-	○	○	-
ORDER#LOCATIONSTATION_ID	会場最寄駅	search	-	-	-	○	○	MSTSTATION
ORDER#LSTSCHL_ID	最終学歴	selectone	-	-	-	○	○	MSTLSTSCHL
ORDER#MANAGEMENT_FLG	条件(マネジメント)	selectone	-	-	-	○	○	MSTCHOICE
ORDER#MAXAGE	年齢(上限)	number	2	-	-	○	○	-
ORDER#MAXANNUALINCM	年収(最高)	number	12	-	-	○	○	-
ORDER#MAXBASE_EXC_FIX_OVERTIME_PAY	固定残業代を除いた基本給(最大)	number	12	-	-	○	○	-
ORDER#MAXBASEPAY	基本給(上限)	number	12	-	-	○	○	-
ORDER#MEDIA1_FLG	媒体1フラグ	selectone	-	-	●	○	○	MSTCHOICE
ORDER#MEDIA1_REQUESTDATE	媒体1掲載申請日	date	-	-	-	○	○	-
ORDER#MEDIA10_FLG	媒体10フラグ	selectone	-	-	●	○	○	MSTCHOICE
ORDER#MEDIA10_REQUESTDATE	媒体10掲載申請日	date	-	-	-	○	○	-
ORDER#MEDIA11_FLG	媒体11フラグ	selectone	-	-	●	○	○	MSTCHOICE
ORDER#MEDIA11_REQUESTDATE	媒体11掲載申請日	date	-	-	-	○	○	-
ORDER#MEDIA12_FLG	媒体12フラグ	selectone	-	-	●	○	○	MSTCHOICE
ORDER#MEDIA12_REQUESTDATE	媒体12掲載申請日	date	-	-	-	○	○	-
ORDER#MEDIA13_FLG	媒体13フラグ	selectone	-	-	●	○	○	MSTCHOICE
ORDER#MEDIA13_REQUESTDATE	媒体13掲載申請日	date	-	-	-	○	○	-
ORDER#MEDIA14_FLG	媒体14フラグ	selectone	-	-	●	○	○	MSTCHOICE
ORDER#MEDIA14_REQUESTDATE	媒体14掲載申請日	date	-	-	-	○	○	-
ORDER#MEDIA15_FLG	媒体15フラグ	selectone	-	-	●	○	○	MSTCHOICE
ORDER#MEDIA15_REQUESTDATE	媒体15掲載申請日	date	-	-	-	○	○	-
ORDER#MEDIA2_FLG	媒体2フラグ	selectone	-	-	●	○	○	MSTCHOICE
ORDER#MEDIA2_REQUESTDATE	媒体2掲載申請日	date	-	-	-	○	○	-
ORDER#MEDIA3_FLG	媒体3フラグ	selectone	-	-	●	○	○	MSTCHOICE
ORDER#MEDIA3_REQUESTDATE	媒体3掲載申請日	date	-	-	-	○	○	-
ORDER#MEDIA4_FLG	媒体4フラグ	selectone	-	-	●	○	○	MSTCHOICE
ORDER#MEDIA4_REQUESTDATE	媒体4掲載申請日	date	-	-	-	○	○	-
ORDER#MEDIA6_FLG	媒体6フラグ	selectone	-	-	●	○	○	MSTCHOICE
ORDER#MEDIA6_REQUESTDATE	媒体6掲載申請日	date	-	-	-	○	○	-
ORDER#MEDIA7_FLG	媒体7フラグ	selectone	-	-	●	○	○	MSTCHOICE
ORDER#POSITIONNAME	ポジション名	text	100	●	-	○	○	-
ORDER#MEDIA7_REQUESTDATE	媒体7掲載申請日	date	-	-	-	○	○	-
ORDER#MEDIA8_FLG	媒体8フラグ	selectone	-	-	●	○	○	MSTCHOICE
ORDER#MEDIA8_REQUESTDATE	媒体8掲載申請日	date	-	-	-	○	○	-
ORDER#MEMO1	その他（外）	textarea	1000	-	-	○	×	-
ORDER#MEMO2	その他（内）	textarea	2000	-	-	○	×	-
ORDER#MINAGE	年齢(下限)	number	2	-	-	○	○	-
ORDER#REGSTATUS_ID	募集ステータス	selectone	2	●	-	○	○	MSTORDER_REGSTATUS
ORDER#MINANNUALINCM	年収(最低)	number	12	-	-	○	○	-
ORDER#MINBASE_EXC_FIX_OVERTIME_PAY	固定残業代を除いた基本給(最小)	number	12	-	-	○	○	-
ORDER#MINBASEPAY	基本給(下限)	number	12	-	-	○	○	-
ORDER#MODELAGE	モデル年収(年齢)	number	2	-	-	○	○	-
ORDER#MODELANNUALINCM	モデル年収(金額)	number	12	-	-	○	○	-
ORDER#NATIONAL_FLG	国籍	selectone	-	-	-	○	○	MSTNATIONAL
ORDER#TERM_EMPLOYSID	雇用期間の定め有無	selectone	2	●	-	○	○	MST_CONTENT_CODE
ORDER#NECESSARYEXP	必要業務経験	textarea	2000	-	-	○	×	-
ORDER#NECESSARYEXP_WEB	WEB用必要業務経験	textarea	2000	-	-	○	×	-
ORDER#NECESSARYQUAL	必要資格	textarea	100	-	-	○	○	-
ORDER#OCUPCTG1_ID	職種1	selectone	-	-	-	○	○	MSTOCUP3CLASS
ORDER#OCUPCTG2_ID	職種2	selectone	-	-	-	○	○	MSTOCUP3CLASS
ORDER#OCUPCTG3_ID	職種3	selectone	-	-	-	○	○	MSTOCUP3CLASS
ORDER#OCUPCTG4_ID	職種4	selectone	-	-	-	○	○	MSTOCUP3CLASS
ORDER#OLDORDER_ID	過去ID	text	20	-	-	○	○	-
ORDER#ORDER_ID	求人ID	number	-	-	-	○	○	-
ORDER#OTHERCONTENT	その他補足	textarea	400	-	-	○	○	-
ORDER#OTRLANG_ID	その他言語	selectone	-	-	-	○	○	MSTOTRLANG
ORDER#OVERSEASEXP_FLG	条件(海外展開)	selectone	-	-	-	○	○	MSTCHOICE
ORDER#OVERTIME_FLG	残業の有無	selectone	-	-	-	○	○	MST_CONTENT_CODE
ORDER#PASSIVE_SMOKING_MEASURES	受動喫煙対策について	textarea	100	-	-	○	○	-
ORDER#PAYRISE_FLG	昇給有無	selectone	-	-	-	○	○	MST_CONTENT_CODE
ORDER#POTENTIAL_FLG	条件(ポテンシャル)	selectone	-	-	-	○	○	MSTCHOICE
ORDER#PREF1_ID	都道府県1	selectone	-	-	-	○	○	MSTPREF
ORDER#PREF2_ID	都道府県2	selectone	-	-	-	○	○	MSTPREF
ORDER#RCMNDPOINT	外部向けキャッチフレーズ	text	50	-	-	○	○	-
ORDER#RCMNDPOINT_NEO	推薦ポイント	textarea	300	-	-	○	○	-
ORDER#RCMNDPOINT_WEB	WEB用推薦コメント	textarea	300	-	-	○	×	-
ORDER#RECRUIT_BACKGROUND	WEB用募集背景	textarea	250	-	-	○	×	-
ORDER#REQUIRE_CHARACTER	WEB用求める人物像	textarea	250	-	-	○	○	-
ORDER#REQUIREDTIME	所要時間	text	50	-	-	○	○	-
ORDER#RESTTIME	休憩時間(分)	number	4	-	-	○	○	-
ORDER#SELECTION	試験内容	textarea	100	-	-	○	○	-
ORDER#SEX_ID	性別	selectone	-	-	-	○	○	MSTSEXORDER
ORDER#STATION1_ID	最寄駅1	search	-	-	-	○	○	MSTSTATION
ORDER#STATION2_ID	最寄駅2	search	-	-	-	○	○	MSTSTATION
ORDER#TERM_EMPLOYSPD	雇用期間の定め備考	textarea	100	-	-	○	○	-
ORDER#TERM_VARIDITY_DATE	有効期限	date	-	-	-	○	○	-
ORDER#TOEFL	TOEFL	number	3	-	-	○	○	-
ORDER#TOEIC	TOEIC	number	3	-	-	○	○	-
ORDER#TRANSFER_FLG	転勤の有無	selectone	-	-	-	○	○	MST_CONTENT_CODE
ORDER#TRIAL_FLG	試用期間有無	selectone	-	-	-	○	○	MST_CONTENT_CODE
ORDER#TRIALPERIOD	試用期間	number	2	-	-	○	○	-
ORDER#TRIALPERIOD_DETAIL	試用期間について補足	textarea	100	-	-	○	○	-
ORDER#UPDATE_DATE	更新日	datetime	-	-	●	○	○	-
ORDER#UPDATEUSER_ID	更新者	selectone	-	-	●	○	○	MSTUSER
ORDER#USE_EXPERIENCE	WEB用活かせる経験 	textarea	400	-	-	○	○	-
ORDER#WALKBUS1_FLG	バス・徒歩1(区分)	selectone	-	-	-	○	○	MSTWALKBUS
ORDER#WALKBUS2_FLG	バス・徒歩2(区分)	selectone	-	-	-	○	○	MSTWALKBUS
ORDER#WALKBUSTIME1	バス・徒歩1(分)	number	3	-	-	○	○	-
ORDER#WALKBUSTIME2	バス・徒歩2(分)	number	3	-	-	○	○	-
ORDER#WKAREA_WEB	WEB用勤務地コード	select	-	-	-	○	○	MSTPREF
ORDER#WKAREAMEMO	その他勤務地	textarea	1000	-	-	○	○	-
ORDER#WKCONTENTS	職務内容	textarea	3000	-	-	○	×	-
ORDER#WKCONTENTS_WEB	WEB用職務内容	textarea	3000	-	-	○	×	-
ORDER#WKHOUR_MEMO	就業時間補足	textarea	100	-	-	○	○	-
ORDER#WKHOUREH	就業時間(時)(終了)	number	2	-	-	○	○	-
ORDER#WKHOUREM	就業時間(分)(終了)	number	2	-	-	○	○	-
ORDER#WKHOURSH	就業時間(時)(開始)	number	2	-	-	○	○	-
ORDER#WKHOURSM	就業時間(分)(開始)	number	2	-	-	○	○	-
ORDER#ZIP_ID1	郵便番号1	search	-	-	-	○	○	MSTZIPCODE
ORDER#ZIP_ID2	郵便番号2	search	-	-	-	○	○	MSTZIPCODE
ORDER#PUBLICEMPLOYMENT_REV2023_ID	職安職種（新分類）	selectone	-	-	-	○	○	MSTPUBLICEMPLOYMENT_REV2023
ORDER#MEDIA16_FLG	媒体16フラグ	selectone	-	-	●	○	○	MSTCHOICE
ORDER#MEDIA16_REQUESTDATE	媒体16掲載申請日	date	-	-	-	○	○	-
ORDER#CONTRACT_RENEWAL_ID	契約更新の有無	selectone	2	-	-	○	○	MST_CONTENT_CODE
ORDER#CONTRACT_RENEWAL_COMMENT	契約更新の有無コメント	textarea	100	-	-	○	○	-
ORDER#RENEWAL_LIMIT_ID	更新上限の有無	selectone	2	-	-	○	○	MST_CONTENT_CODE
ORDER#RENEWAL_LIMIT_COMMENT	更新上限の有無コメント	textarea	100	-	-	○	○	-
ORDER#MINSALARYINCM	給与（下限）	number	12	-	-	○	○	-
ORDER#MAXSALARYINCM	給与（上限）	number	12	-	-	○	○	-
ORDER#SALARYINCMMEMO	給与について補足	textarea	100	-	-	○	○	-