対象リソース	求職者
RESOURCE_CATEGORY	career
関連リソース	なし
項目ID	項目ラベル	項目タイプ	最大サイズ	必須	読み取り専用	更新	並び替え	参照マスタ
CAREER#ACTIVITYSTATUS	希望条件_本人活動状況	textarea	2000	-	-	○	×	-
CAREER#ADDR1	市区町村	text	100	-	-	○	○	-
CAREER#ADDR1KANA	市区町村カナ	text	50	-	-	○	○	-
CAREER#ADDR2	丁目番地号	text	70	-	-	○	○	-
CAREER#ADDR2KANA	丁目番地号カナ	text	70	-	-	○	○	-
CAREER#ADDR3	マンション・ビル	text	70	-	-	○	○	-
CAREER#ALLOWANCE_ID1	希望条件_諸手当1(区分)	selectone	-	-	-	○	○	MSTALLOWANCE
CAREER#ALLOWANCE_ID2	希望条件_諸手当2(区分)	selectone	-	-	-	○	○	MSTALLOWANCE
CAREER#ALLOWANCE_ID3	希望条件_諸手当3(区分)	selectone	-	-	-	○	○	MSTALLOWANCE
CAREER#ALLOWANCE_ID4	希望条件_諸手当4(区分)	selectone	-	-	-	○	○	MSTALLOWANCE
CAREER#ALLOWANCE_NUM_1	希望条件_諸手当1(金額)	number	12	-	-	○	○	-
CAREER#ALLOWANCE_NUM_2	希望条件_諸手当2(金額)	number	12	-	-	○	○	-
CAREER#ALLOWANCE_NUM_3	希望条件_諸手当3(金額)	number	12	-	-	○	○	-
CAREER#ALLOWANCE_NUM_4	希望条件_諸手当4(金額)	number	12	-	-	○	○	-
CAREER#BIRTH_DATE	生年月日	date	-	-	-	○	○	-
CAREER#CAPITAL	希望条件_資本種別	selectone	-	-	-	○	○	MSTCAPITAL
CAREER#CAREERPLAN	希望条件_活動方針・戦略	textarea	2000	-	-	○	×	-
CAREER#CAREER_ID	求職者ID	number	-	-	●	○	○	-
CAREER#CAREER_OUTLINE	希望条件_キャリア概要	textarea	2000	-	-	○	×	-
CAREER#CAREER_SHEET_MEMO	キャリアシート備考	textarea	2000	-	-	○	×	-
CAREER#CHANGEADDR_FLG	希望条件_転居の可能性	selectone	-	-	-	○	○	MSTCHANGEADDR
CAREER#CHANGE_OCCUPATION	希望条件_転職理由	textarea	1000	-	-	○	○	-
CAREER#CHARGEAREA_ID	担当エリア	selectone	-	-	-	○	○	MSTAREA
CAREER#CHARGETEAM_ID	担当チーム	selectone	-	-	●	○	○	MSTTEAM
CAREER#CHARGE_ID	担当者	selectone	-	-	-	○	○	MSTUSER
CAREER#CHARGE_EMAIL	担当者メールアドレス	text	-	●	●	×	○	-
CAREER#CNSLSTATUS_ID	面談ステータス	selectone	2	●	-	○	○	MSTCNSLSTATUS
CAREER#CNSL_DATE	面談日	datetime	-	-	-	○	○	-
CAREER#COMMUNICATIONREC	希望条件_その他情報	textarea	2000	-	-	○	×	-
CAREER#COMPHOUSEDORM_ID	社宅・寮	selectone	-	-	-	○	○	MSTCOMPHOUSEDORM
CAREER#CONTACTNOTES	連絡時注意事項	textarea	400	-	-	○	○	-
CAREER#CURRENT_ANNUALINCOME_NUM	希望条件_現年収	number	12	-	-	○	○	-
CAREER#DEPENDENTS_NUM	希望条件_扶養家族	number	2	-	-	○	○	-
CAREER#ENTRY_DATE	エントリー日	datetime	-	-	-	○	○	-
CAREER#EXPCOMP_NUM	希望条件_経験社数	number	2	-	-	○	○	-
CAREER#EXPINDSCTG1_ID	経験業種1	selectone	-	-	-	○	○	MSTINDSCTG
CAREER#EXPINDSCTG2_ID	経験業種2	selectone	-	-	-	○	○	MSTINDSCTG
CAREER#EXPINDSCTG3_ID	経験業種3	selectone	-	-	-	○	○	MSTINDSCTG
CAREER#EXPINDSCTG4_ID	経験業種4	selectone	-	-	-	○	○	MSTINDSCTG
CAREER#EXPINDSCTG5_ID	経験業種5	selectone	-	-	-	○	○	MSTINDSCTG
CAREER#EXPINDSCTG6_ID	経験業種6	selectone	-	-	-	○	○	MSTINDSCTG
CAREER#EXPOCUPCTG1_ID	経験職種1	selectone	-	-	-	○	○	MSTOCUP3CLASS
CAREER#EXPOCUPCTG2_ID	経験職種2	selectone	-	-	-	○	○	MSTOCUP3CLASS
CAREER#EXPOCUPCTG3_ID	経験職種3	selectone	-	-	-	○	○	MSTOCUP3CLASS
CAREER#EXPOCUPCTG4_ID	経験職種4	selectone	-	-	-	○	○	MSTOCUP3CLASS
CAREER#EXPOCUPCTG5_ID	経験職種5	selectone	-	-	-	○	○	MSTOCUP3CLASS
CAREER#EXPOCUPCTG6_ID	経験職種6	selectone	-	-	-	○	○	MSTOCUP3CLASS
CAREER#FIRSTNAME	求職者名	text	30	●	-	○	○	-
CAREER#FIRSTNAMEKANA	求職者名(カナ)	text	15	●	-	○	○	-
CAREER#IMPRESSCOMMENT	希望条件_印象・コメント	textarea	2000	-	-	○	×	-
CAREER#INHABITTYPE_ID	居住区分	selectone	-	-	-	○	○	MSTINHABITTYPE
CAREER#INSERT_DATE	入力日	datetime	-	-	●	○	○	-
CAREER#JOBCHANGE_DATE	希望条件_希望転職時期	date	-	-	-	○	○	-
CAREER#JOBCHANGE_FLG	希望条件_希望転職時期(区分)	selectone	-	-	-	○	○	MSTJOBCHANGETIME
CAREER#LASTNAME	求職者姓	text	30	●	-	○	○	-
CAREER#LASTNAMEKANA	求職者姓(カナ)	text	15	●	-	○	○	-
CAREER#LSTSCHL_ID	学歴_最終学歴区分	selectone	-	-	-	○	○	MSTLSTSCHL
CAREER#MEDIANOTES	登録ルート詳細	textarea	200	-	-	○	○	-
CAREER#MEDIA_ID	登録ルート	selectone	-	-	-	○	○	MSTMEDIA
CAREER#MEMO	備考	textarea	2000	-	-	○	×	-
CAREER#MINWISHANNUALINCM_NUM	希望条件_最低希望年収	number	12	-	-	○	○	-
CAREER#MONTHLY_ANNUALINCOME_NUM	希望条件_月収	number	12	-	-	○	○	-
CAREER#NEARESTSTATION_ID	最寄駅	search	-	-	-	○	○	MSTSTATION
CAREER#OLDCAREER_ID	過去ID	text	20	-	-	○	○	-
CAREER#OTHERAGENT_NUM	希望条件_他社への登録	number	2	-	-	○	○	-
CAREER#PREF_ID	都道府県	selectone	-	-	-	○	○	MSTPREF
CAREER#QUALOTHER	学歴_その他資格	textarea	2000	-	-	○	×	-
CAREER#RANK_ID	ランク	selectone	-	-	-	○	○	MSTCONRANK
CAREER#RECOGNIZEHPID	HP認知アンケート	selectone	-	-	-	○	○	MSTRECOGNIZEHP
CAREER#RECOGNIZEID	認知経路	selectone	-	-	-	○	○	MSTRECOGNIZE
CAREER#REGSTATUS_ID	登録ステータス	selectone	2	●	-	○	○	MSTREGSTATUS
CAREER#RESUME_DATE	電話面談日	datetime	-	-	-	○	○	-
CAREER#SCHLMEMO	学歴_その他学歴	textarea	2000	-	-	○	×	-
CAREER#SCIENCE_FLG	学歴_理系	selectone	-	-	-	○	○	MSTSCIENCE
CAREER#SEX_FLG	性別	selectone	-	-	-	○	○	MSTSEX
CAREER#SPOUSE_FLG	希望条件_配偶者	selectone	-	-	-	○	○	MSTEXISTENCE
CAREER#SZLARGE_FLG	希望条件_規模(大)	selectone	-	-	-	○	○	MSTCHOICE
CAREER#SZMID_FLG	希望条件_規模(中)	selectone	-	-	-	○	○	MSTCHOICE
CAREER#SZSMALL_FLG	希望条件_規模(小)	selectone	-	-	-	○	○	MSTCHOICE
CAREER#UPDATEUSER_ID	更新者	selectone	-	-	-	○	○	MSTUSER
CAREER#UPDATE_DATE	更新日	datetime	-	-	●	○	○	-
CAREER#WALKBUSTIME	最寄駅〜自宅(分)	number	3	-	-	○	○	-
CAREER#WALKBUS_FLG	最寄駅〜自宅(バス・徒歩)	selectone	-	-	-	○	○	MSTWALKBUS
CAREER#WISHANNUALINCM_NUM	希望条件_希望年収	number	12	-	-	○	○	-
CAREER#WISHINDSCTG1_ID	希望条件_希望業種1	selectone	-	-	-	○	○	MSTINDSCTG
CAREER#WISHINDSCTG2_ID	希望条件_希望業種2	selectone	-	-	-	○	○	MSTINDSCTG
CAREER#WISHINDSCTG3_ID	希望条件_希望業種3	selectone	-	-	-	○	○	MSTINDSCTG
CAREER#WISHINDSCTG4_ID	希望条件_希望業種4	selectone	-	-	-	○	○	MSTINDSCTG
CAREER#WISHINDSCTG5_ID	希望条件_希望業種5	selectone	-	-	-	○	○	MSTINDSCTG
CAREER#WISHINDSCTG6_ID	希望条件_希望業種6	selectone	-	-	-	○	○	MSTINDSCTG
CAREER#WISHINDSCTGMEMO	希望条件_希望業種内容補足	textarea	250	-	-	○	○	-
CAREER#WISHOCUPCTG1_ID	希望条件_希望職種1	selectone	-	-	-	○	○	MSTOCUP3CLASS
CAREER#WISHOCUPCTG2_ID	希望条件_希望職種2	selectone	-	-	-	○	○	MSTOCUP3CLASS
CAREER#WISHOCUPCTG3_ID	希望条件_希望職種3	selectone	-	-	-	○	○	MSTOCUP3CLASS
CAREER#WISHOCUPCTG4_ID	希望条件_希望職種4	selectone	-	-	-	○	○	MSTOCUP3CLASS
CAREER#WISHOCUPCTG5_ID	希望条件_希望職種5	selectone	-	-	-	○	○	MSTOCUP3CLASS
CAREER#WISHOCUPCTG6_ID	希望条件_希望職種6	selectone	-	-	-	○	○	MSTOCUP3CLASS
CAREER#WISHOCUPCTGMEMO	希望条件_希望職種内容補足	textarea	500	-	-	○	○	-
CAREER#WISHOTHERS	希望条件_その他希望条件補足	textarea	2000	-	-	○	×	-
CAREER#WISHWKAREAMEMO	希望条件_希望勤務地補足	textarea	100	-	-	○	○	-
CAREER#WISHWKAREA_ID	希望条件_希望勤務地	select	-	-	-	○	○	MSTPREF
CAREER#WKSTATUS_ID	現在の状況	selectone	-	-	-	○	○	MSTWKSTATUS
CAREER#YEAR_BONUS	希望条件_年間賞与	number	12	-	-	○	○	-
CAREER#ZIP_ID	郵便番号	search	-	-	-	○	○	MSTZIPCODE
CAREER#QUALDETAILS_1	学歴_資格01_資格名	text	100	-	-	○	×	-
CAREER#QUALMON_1	学歴_資格01_資格取得年月(月)	number	2	-	-	○	×	-
CAREER#QUALYR_1	学歴_資格01_資格取得年月(年)	number	4	-	-	○	×	-
CAREER#BUSI_TALK_AND_NEGO_IN_ENG_FLG	学歴_ビジネス経験・英語での商談・交渉	selectone	-	-	-	○	○	MSTCHOICE
CAREER#CONFERENCE_IN_ENG_FLG	学歴_ビジネス経験・英語での会議	selectone	-	-	-	○	○	MSTCHOICE
CAREER#DOC_READING_FLG	学歴_ビジネス経験・文書・マニュアル読解	selectone	-	-	-	○	○	MSTCHOICE
CAREER#ENGEXPYEAR	学歴_ビジネス経験年数	number	2	-	-	○	○	-
CAREER#ENGMEMO	学歴_その他補足(英語)	textarea	200	-	-	○	○	-
CAREER#ENGREADSKL_ID	学歴_読解(英語)	selectone	-	-	-	○	○	MSTREADSKL
CAREER#ENGSPEAKSKL_ID	学歴_会話(英語)	selectone	-	-	-	○	○	MSTSPEAKSKL
CAREER#ENGWRITESKL_ID	学歴_作文(英語)	selectone	-	-	-	○	○	MSTWRITESKL
CAREER#OTRLANG1_ID	学歴_言語1	selectone	-	-	-	○	○	MSTOTRLANG
CAREER#OTRLANG2_ID	学歴_言語2	selectone	-	-	-	○	○	MSTOTRLANG
CAREER#OTRLANG3_ID	学歴_言語3	selectone	-	-	-	○	○	MSTOTRLANG
CAREER#OTRLANGEXPYEAR1	学歴_ビジネス経験1(その他語学)	number	2	-	-	○	○	-
CAREER#OTRLANGEXPYEAR2	学歴_ビジネス経験2(その他語学)	number	2	-	-	○	○	-
CAREER#OTRLANGEXPYEAR3	学歴_ビジネス経験3(その他語学)	number	2	-	-	○	○	-
CAREER#OTRLANGMEMO	学歴_その他補足	textarea	200	-	-	○	○	-
CAREER#OTRREAD1_ID	学歴_読解1(その他語学)	selectone	-	-	-	○	○	MSTREADSKL
CAREER#OTRREAD2_ID	学歴_読解2(その他語学)	selectone	-	-	-	○	○	MSTREADSKL
CAREER#OTRREAD3_ID	学歴_読解3(その他語学)	selectone	-	-	-	○	○	MSTREADSKL
CAREER#OTRSPEAK1_ID	学歴_会話1(その他語学)	selectone	-	-	-	○	○	MSTSPEAKSKL
CAREER#OTRSPEAK2_ID	学歴_会話2(その他語学)	selectone	-	-	-	○	○	MSTSPEAKSKL
CAREER#OTRSPEAK3_ID	学歴_会話3(その他語学)	selectone	-	-	-	○	○	MSTSPEAKSKL
CAREER#OTRWRITE1_ID	学歴_作文1(その他語学)	selectone	-	-	-	○	○	MSTWRITESKL
CAREER#OTRWRITE2_ID	学歴_作文2(その他語学)	selectone	-	-	-	○	○	MSTWRITESKL
CAREER#OTRWRITE3_ID	学歴_作文3(その他語学)	selectone	-	-	-	○	○	MSTWRITESKL
CAREER#STAY_ABROAD_FLG	学歴_ビジネス経験・海外滞在	selectone	-	-	-	○	○	MSTCHOICE
CAREER#TEL_CONVERSATION_FLG	学歴_ビジネス経験・電話での会話	selectone	-	-	-	○	○	MSTCHOICE
CAREER#TOEFL	学歴_TOEFL	number	3	-	-	○	○	-
CAREER#TOEFLM	学歴_TOEFL取得年月(月)	number	2	-	-	○	○	-
CAREER#TOEFLY	学歴_TOEFL取得年月(年)	number	4	-	-	○	○	-
CAREER#TOEIC	学歴_TOEIC	number	3	-	-	○	○	-
CAREER#TOEICM	学歴_TOEIC取得年月(月)	number	2	-	-	○	○	-
CAREER#TOEICY	学歴_TOEIC取得年月(年)	number	4	-	-	○	○	-
CAREER#TO_EXCHANGE_EMAIL_FLG	学歴_ビジネス経験・e-mailでのやりとり	selectone	-	-	-	○	○	MSTCHOICE
CAREER#QUALDETAILS_2	学歴_資格02_資格名	text	100	-	-	○	×	-
CAREER#QUALMON_2	学歴_資格02_資格取得年月(月)	number	2	-	-	○	×	-
CAREER#QUALYR_2	学歴_資格02_資格取得年月(年)	number	4	-	-	○	×	-
CAREER#QUALDETAILS_3	学歴_資格03_資格名	text	100	-	-	○	×	-
CAREER#QUALMON_3	学歴_資格03_資格取得年月(月)	number	2	-	-	○	×	-
CAREER#QUALYR_3	学歴_資格03_資格取得年月(年)	number	4	-	-	○	×	-
CAREER#QUALDETAILS_4	学歴_資格04_資格名	text	100	-	-	○	×	-
CAREER#QUALMON_4	学歴_資格04_資格取得年月(月)	number	2	-	-	○	×	-
CAREER#QUALYR_4	学歴_資格04_資格取得年月(年)	number	4	-	-	○	×	-
CAREER#QUALDETAILS_5	学歴_資格05_資格名	text	100	-	-	○	×	-
CAREER#QUALMON_5	学歴_資格05_資格取得年月(月)	number	2	-	-	○	×	-
CAREER#QUALYR_5	学歴_資格05_資格取得年月(年)	number	4	-	-	○	×	-
CAREER#QUALDETAILS_6	学歴_資格06_資格名	text	100	-	-	○	×	-
CAREER#QUALMON_6	学歴_資格06_資格取得年月(月)	number	2	-	-	○	×	-
CAREER#QUALYR_6	学歴_資格06_資格取得年月(年)	number	4	-	-	○	×	-
CAREER#ENTRANCEMON_1	学歴01_入学年月(月)	number	2	-	-	○	×	-
CAREER#ENTRANCEYR_1	学歴01_入学年月(年)	number	4	-	-	○	×	-
CAREER#ENTRANCE_FLG_1	学歴01_入学・編入	selectone	-	-	-	○	×	MSTENTRANCE
CAREER#GRADMON_1	学歴01_卒業年月(月)	number	2	-	-	○	×	-
CAREER#GRADYR_1	学歴01_卒業年月(年)	number	4	-	-	○	×	-
CAREER#GRAD_FLG_1	学歴01_卒業・中退・卒業見込み	number	1	-	-	○	×	-
CAREER#SCHLDEPTNAME_1	学歴01_学部学科名	text	35	-	-	○	×	-
CAREER#SCHLNAME_1	学歴01_学校名	text	70	-	-	○	×	-
CAREER#ENTRANCEMON_2	学歴02_入学年月(月)	number	2	-	-	○	×	-
CAREER#ENTRANCEYR_2	学歴02_入学年月(年)	number	4	-	-	○	×	-
CAREER#ENTRANCE_FLG_2	学歴02_入学・編入	selectone	-	-	-	○	×	MSTENTRANCE
CAREER#GRADMON_2	学歴02_卒業年月(月)	number	2	-	-	○	×	-
CAREER#GRADYR_2	学歴02_卒業年月(年)	number	4	-	-	○	×	-
CAREER#GRAD_FLG_2	学歴02_卒業・中退・卒業見込み	number	1	-	-	○	×	-
CAREER#SCHLDEPTNAME_2	学歴02_学部学科名	text	35	-	-	○	×	-
CAREER#SCHLNAME_2	学歴02_学校名	text	70	-	-	○	×	-
CAREER#ENTRANCEMON_3	学歴03_入学年月(月)	number	2	-	-	○	×	-
CAREER#ENTRANCEYR_3	学歴03_入学年月(年)	number	4	-	-	○	×	-
CAREER#ENTRANCE_FLG_3	学歴03_入学・編入	selectone	-	-	-	○	×	MSTENTRANCE
CAREER#GRADMON_3	学歴03_卒業年月(月)	number	2	-	-	○	×	-
CAREER#GRADYR_3	学歴03_卒業年月(年)	number	4	-	-	○	×	-
CAREER#GRAD_FLG_3	学歴03_卒業・中退・卒業見込み	number	1	-	-	○	×	-
CAREER#SCHLDEPTNAME_3	学歴03_学部学科名	text	35	-	-	○	×	-
CAREER#SCHLNAME_3	学歴03_学校名	text	70	-	-	○	×	-
CAREER#ENTRANCEMON_4	学歴04_入学年月(月)	number	2	-	-	○	×	-
CAREER#ENTRANCEYR_4	学歴04_入学年月(年)	number	4	-	-	○	×	-
CAREER#ENTRANCE_FLG_4	学歴04_入学・編入	selectone	-	-	-	○	×	MSTENTRANCE
CAREER#GRADMON_4	学歴04_卒業年月(月)	number	2	-	-	○	×	-
CAREER#GRADYR_4	学歴04_卒業年月(年)	number	4	-	-	○	×	-
CAREER#GRAD_FLG_4	学歴04_卒業・中退・卒業見込み	number	1	-	-	○	×	-
CAREER#SCHLDEPTNAME_4	学歴04_学部学科名	text	35	-	-	○	×	-
CAREER#SCHLNAME_4	学歴04_学校名	text	70	-	-	○	×	-
CAREER#ENTRANCEMON_5	学歴05_入学年月(月)	number	2	-	-	○	×	-
CAREER#ENTRANCEYR_5	学歴05_入学年月(年)	number	4	-	-	○	×	-
CAREER#ENTRANCE_FLG_5	学歴05_入学・編入	selectone	-	-	-	○	×	MSTENTRANCE
CAREER#GRADMON_5	学歴05_卒業年月(月)	number	2	-	-	○	×	-
CAREER#GRADYR_5	学歴05_卒業年月(年)	number	4	-	-	○	×	-
CAREER#GRAD_FLG_5	学歴05_卒業・中退・卒業見込み	number	1	-	-	○	×	-
CAREER#SCHLDEPTNAME_5	学歴05_学部学科名	text	35	-	-	○	×	-
CAREER#SCHLNAME_5	学歴05_学校名	text	70	-	-	○	×	-
CAREER#ENTRANCEMON_6	学歴06_入学年月(月)	number	2	-	-	○	×	-
CAREER#ENTRANCEYR_6	学歴06_入学年月(年)	number	4	-	-	○	×	-
CAREER#ENTRANCE_FLG_6	学歴06_入学・編入	selectone	-	-	-	○	×	MSTENTRANCE
CAREER#GRADMON_6	学歴06_卒業年月(月)	number	2	-	-	○	×	-
CAREER#GRADYR_6	学歴06_卒業年月(年)	number	4	-	-	○	×	-
CAREER#GRAD_FLG_6	学歴06_卒業・中退・卒業見込み	number	1	-	-	○	×	-
CAREER#SCHLDEPTNAME_6	学歴06_学部学科名	text	35	-	-	○	×	-
CAREER#SCHLNAME_6	学歴06_学校名	text	70	-	-	○	×	-
CAREER#KEIREKI	メモ	textarea	10000	-	-	○	×	-
CAREER#PUBLICEMPLOYMENT_REV2023_ID	職安職種（新分類）	selectone	-	-	-	○	○	MSTPUBLICEMPLOYMENT_REV2023
CAREER#UNIQUE_KEY	ユニークキー	text	-	●	●	×	○
CAREER#MYPAGE_STATUS	マイページステータス	selectone	1	○	○	○	○	MSTMYPAGECHK
CAREER#LAST_LOGIN	マイページ最終ログイン日時	datetime	-	○	○	○	○
CAREER#TEL1	電話番号1	text	20	▲※1	-	○	○	-	※1 条件付き必須。「連絡可」または「優先」が設定されている場合、必須
CAREER#CAN_CONTACT_TEL1	電話番号1連絡可	selectone	-	-	-	○	○	MSTCHOICE
CAREER#IS_TEL1_PREFERRED	電話番号1優先	selectone	-	-	-	○	○	MSTCHOIC
CAREER#TEL2	電話番号2	text	20	▲※1	-	○	○	-	※1 条件付き必須。「連絡可」または「優先」が設定されている場合、必須
CAREER#CAN_CONTACT_TEL2	電話番号2連絡可	selectone	-	-	-	○	○	MSTCHOICE
CAREER#IS_TEL2_PREFERRED	電話番号2優先	selectone	-	-	-	○	○	MSTCHOIC
CAREER#TEL3	電話番号3	text	20	▲※1	-	○	○	-	※1 条件付き必須。「連絡可」または「優先」が設定されている場合、必須
CAREER#CAN_CONTACT_TEL3	電話番号3連絡可	selectone	-	-	-	○	○	MSTCHOICE
CAREER#IS_TEL3_PREFERRED	電話番号3優先	selectone	-	-	-	○	○	MSTCHOIC
CAREER#EMAIL1	メールアドレス1	text	50	▲※1	-	○	○	-	※1 条件付き必須。「連絡可」または「優先」が設定されている場合、必須
CAREER#CAN_CONTACT_EMAIL1	メールアドレス1連絡可	selectone	-	-	-	○	○	MSTCHOICE
CAREER#IS_EMAIL1_PREFERRED	メールアドレス1優先	selectone			-	○	○	MSTCHOICE
CAREER#EMAIL2	メールアドレス2	text	50	▲※1	-	○	○	-	※1 条件付き必須。「連絡可」または「優先」が設定されている場合、必須
CAREER#CAN_CONTACT_EMAIL2	メールアドレス2連絡可	selectone	-	-	-	○	○	MSTCHOICE
CAREER#IS_EMAIL2_PREFERRED	メールアドレス2優先	selectone	-	-	-	○	○	MSTCHOICE
CAREER#EMAIL3	メールアドレス3	text	50	▲※1	-	○	○	-	※1 条件付き必須。「連絡可」または「優先」が設定されている場合、必須
CAREER#CAN_CONTACT_EMAIL3	メールアドレス3連絡可	selectone	-	-	-	○	○	MSTCHOICE
CAREER#IS_EMAIL3_PREFERRED	メールアドレス3優先	selectone	-	-	-	○	○	MSTCHOICE
CAREER#SNS1	SNS1	text	200	-	-	○	○	-
CAREER#SNS2	SNS2	text	200	-	-	○	○	-
CAREER#SNS3	SNS3	text	200	-	-	○	○	-
CAREER#SNS4	SNS4	text	200	-	-	○	○	-