対象リソース	求職者候補
RESOURCE_CATEGORY	wrkcareer 
関連リソース	なし
項目ID	項目ラベル	項目タイプ	最大サイズ	必須	読み取り専用	更新	並び替え	参照マスタ
WRKCAREER#ACTIVITYSTATUS	本人活動状況	textarea	2000	-	-	○	×	-
WRKCAREER#ADDR1	市区町村	text	100	-	-	○	○	-
WRKCAREER#ADDR2	丁目番地号	text	70	-	-	○	○	-
WRKCAREER#ADDR3	マンション・ビル	text	70	-	-	○	○	-
WRKCAREER#ANNUALINCM1	職歴1年収	number	12	-	-	○	○	-
WRKCAREER#ANNUALINCM10	職歴10年収	number	12	-	-	○	○	-
WRKCAREER#ANNUALINCM2	職歴2年収	number	12	-	-	○	○	-
WRKCAREER#ANNUALINCM3	職歴3年収	number	12	-	-	○	○	-
WRKCAREER#ANNUALINCM4	職歴4年収	number	12	-	-	○	○	-
WRKCAREER#ANNUALINCM5	職歴5年収	number	12	-	-	○	○	-
WRKCAREER#ANNUALINCM6	職歴6年収	number	12	-	-	○	○	-
WRKCAREER#ANNUALINCM7	職歴7年収	number	12	-	-	○	○	-
WRKCAREER#ANNUALINCM8	職歴8年収	number	12	-	-	○	○	-
WRKCAREER#ANNUALINCM9	職歴9年収	number	12	-	-	○	○	-
WRKCAREER#BIRTH_DATED	生年月日（日）	number	2	-	-	○	○	-
WRKCAREER#BIRTH_DATEM	生年月日（月）	number	2	-	-	○	○	-
WRKCAREER#BIRTH_DATEY	生年月日（年）	number	4	-	-	○	○	-
WRKCAREER#BUSICONTENTS1	職歴1事業内容	textarea	200	-	-	○	○	-
WRKCAREER#BUSICONTENTS10	職歴10事業内容	textarea	200	-	-	○	○	-
WRKCAREER#BUSICONTENTS2	職歴2事業内容	textarea	200	-	-	○	○	-
WRKCAREER#BUSICONTENTS3	職歴3事業内容	textarea	200	-	-	○	○	-
WRKCAREER#BUSICONTENTS4	職歴4事業内容	textarea	200	-	-	○	○	-
WRKCAREER#BUSICONTENTS5	職歴5事業内容	textarea	200	-	-	○	○	-
WRKCAREER#BUSICONTENTS6	職歴6事業内容	textarea	200	-	-	○	○	-
WRKCAREER#BUSICONTENTS7	職歴7事業内容	textarea	200	-	-	○	○	-
WRKCAREER#BUSICONTENTS8	職歴8事業内容	textarea	200	-	-	○	○	-
WRKCAREER#BUSICONTENTS9	職歴9事業内容	textarea	200	-	-	○	○	-
WRKCAREER#CAPITAL	資本種別	number	13	-	-	○	○	MSTCAPITAL
WRKCAREER#CAPITAL1	職歴1資本金	number	13	-	-	○	○	-
WRKCAREER#CAPITAL10	職歴10資本金	number	13	-	-	○	○	-
WRKCAREER#CAPITAL2	職歴2資本金	number	13	-	-	○	○	-
WRKCAREER#CAPITAL3	職歴3資本金	number	13	-	-	○	○	-
WRKCAREER#CAPITAL4	職歴4資本金	number	13	-	-	○	○	-
WRKCAREER#CAPITAL5	職歴5資本金	number	13	-	-	○	○	-
WRKCAREER#CAPITAL6	職歴6資本金	number	13	-	-	○	○	-
WRKCAREER#CAPITAL7	職歴7資本金	number	13	-	-	○	○	-
WRKCAREER#CAPITAL8	職歴8資本金	number	13	-	-	○	○	-
WRKCAREER#CAPITAL9	職歴9資本金	number	13	-	-	○	○	-
WRKCAREER#CAREER_OUTLINE	キャリア概要	textarea	2000	-	-	○	×	-
WRKCAREER#CAREERPLAN	活動方針・戦略	textarea	2000	-	-	○	×	-
WRKCAREER#CHANGE_OCCUPATION	転職理由	textarea	1000	-	-	○	○	-
WRKCAREER#CHANGEADDR_FLG	転居の可能性	selectone	-	-	-	○	○	MSTCHANGEADDR
WRKCAREER#CHARGE_ID	担当者	selectone	-	-	-	○	○	MSTUSER
WRKCAREER#CHARGEAREA_ID	担当地域	selectone	-	-	-	○	○	MSTAREA
WRKCAREER#CHARGETEAM_ID	担当チーム	selectone	-	-	●	○	○	MSTTEAM
WRKCAREER#COMMUNICATIONREC	その他情報	textarea	2000	-	-	○	×	-
WRKCAREER#COMPHOUSEDORM_ID	寮・社宅	selectone	-	-	-	○	○	MSTCOMPHOUSEDORM
WRKCAREER#COMPNAME1	職歴1企業名	text	50	-	-	○	○	-
WRKCAREER#COMPNAME10	職歴10企業名	text	50	-	-	○	○	-
WRKCAREER#COMPNAME2	職歴2企業名	text	50	-	-	○	○	-
WRKCAREER#COMPNAME3	職歴3企業名	text	50	-	-	○	○	-
WRKCAREER#COMPNAME4	職歴4企業名	text	50	-	-	○	○	-
WRKCAREER#COMPNAME5	職歴5企業名	text	50	-	-	○	○	-
WRKCAREER#COMPNAME6	職歴6企業名	text	50	-	-	○	○	-
WRKCAREER#COMPNAME7	職歴7企業名	text	50	-	-	○	○	-
WRKCAREER#COMPNAME8	職歴8企業名	text	50	-	-	○	○	-
WRKCAREER#COMPNAME9	職歴9企業名	text	50	-	-	○	○	-
WRKCAREER#CONTACTNOTES	連絡時注意事項	textarea	400	-	-	○	○	-
WRKCAREER#CURRENT_ANNUALINCOME_NUM	現年収	number	12	-	-	○	○	-
WRKCAREER#DEPENDENTS_NUM	扶養家族	number	2	-	-	○	○	-
WRKCAREER#DEPT1	職歴1部署名	text	50	-	-	○	○	-
WRKCAREER#DEPT10	職歴10部署名	text	50	-	-	○	○	-
WRKCAREER#DEPT2	職歴2部署名	text	50	-	-	○	○	-
WRKCAREER#DEPT3	職歴3部署名	text	50	-	-	○	○	-
WRKCAREER#DEPT4	職歴4部署名	text	50	-	-	○	○	-
WRKCAREER#DEPT5	職歴5部署名	text	50	-	-	○	○	-
WRKCAREER#DEPT6	職歴6部署名	text	50	-	-	○	○	-
WRKCAREER#DEPT7	職歴7部署名	text	50	-	-	○	○	-
WRKCAREER#DEPT8	職歴8部署名	text	50	-	-	○	○	-
WRKCAREER#DEPT9	職歴9部署名	text	50	-	-	○	○	-
WRKCAREER#EMPLOYEE_NUM1	職歴1従業員数	number	6	-	-	○	○	-
WRKCAREER#EMPLOYEE_NUM10	職歴10従業員数	number	6	-	-	○	○	-
WRKCAREER#EMPLOYEE_NUM2	職歴2従業員数	number	6	-	-	○	○	-
WRKCAREER#EMPLOYEE_NUM3	職歴3従業員数	number	6	-	-	○	○	-
WRKCAREER#EMPLOYEE_NUM4	職歴4従業員数	number	6	-	-	○	○	-
WRKCAREER#EMPLOYEE_NUM5	職歴5従業員数	number	6	-	-	○	○	-
WRKCAREER#EMPLOYEE_NUM6	職歴6従業員数	number	6	-	-	○	○	-
WRKCAREER#EMPLOYEE_NUM7	職歴7従業員数	number	6	-	-	○	○	-
WRKCAREER#EMPLOYEE_NUM8	職歴8従業員数	number	6	-	-	○	○	-
WRKCAREER#EMPLOYEE_NUM9	職歴9従業員数	number	6	-	-	○	○	-
WRKCAREER#EMPTYPE_ID1	職歴1雇用形態	selectone	-	-	-	○	○	MSTEMPTYPE
WRKCAREER#EMPTYPE_ID10	職歴10雇用形態	selectone	-	-	-	○	○	MSTEMPTYPE
WRKCAREER#EMPTYPE_ID2	職歴2雇用形態	selectone	-	-	-	○	○	MSTEMPTYPE
WRKCAREER#EMPTYPE_ID3	職歴3雇用形態	selectone	-	-	-	○	○	MSTEMPTYPE
WRKCAREER#EMPTYPE_ID4	職歴4雇用形態	selectone	-	-	-	○	○	MSTEMPTYPE
WRKCAREER#EMPTYPE_ID5	職歴5雇用形態	selectone	-	-	-	○	○	MSTEMPTYPE
WRKCAREER#EMPTYPE_ID6	職歴6雇用形態	selectone	-	-	-	○	○	MSTEMPTYPE
WRKCAREER#EMPTYPE_ID7	職歴7雇用形態	selectone	-	-	-	○	○	MSTEMPTYPE
WRKCAREER#EMPTYPE_ID8	職歴8雇用形態	selectone	-	-	-	○	○	MSTEMPTYPE
WRKCAREER#EMPTYPE_ID9	職歴9雇用形態	selectone	-	-	-	○	○	MSTEMPTYPE
WRKCAREER#ENGEXPYEAR	英語・ビジネス経験（経験年数）	number	2	-	-	○	○	-
WRKCAREER#ENGMEMO	英語・その他補足	textarea	200	-	-	○	○	-
WRKCAREER#ENGREADSKL_ID	英語・読解	selectone	-	-	-	○	○	MSTREADSKL
WRKCAREER#ENGSPEAKSKL_ID	英語・会話	selectone	-	-	-	○	○	MSTSPEAKSKL
WRKCAREER#ENGWRITESKL_ID	英語・作文	selectone	-	-	-	○	○	MSTWRITESKL
WRKCAREER#ENTRANCE_FLG	入学編入フラグ	selectone	-	-	-	○	○	MSTENTRANCE
WRKCAREER#ENTRANCEMON	入学月	number	2	-	-	○	○	-
WRKCAREER#ENTRANCEYR	入学年	number	4	-	-	○	○	-
WRKCAREER#ENTRY_DATE	エントリー日	datetime	-	-	-	○	○	-
WRKCAREER#ENTRY_OTHERS	ルート詳細その他	textarea	200	-	-	○	○	-
WRKCAREER#EXPCOMP_NUM	経験社数	number	2	-	-	○	○	-
WRKCAREER#EXPINDSCTG1_ID	経験業種1	selectone	-	-	-	○	○	MSTINDSCTG
WRKCAREER#EXPINDSCTG2_ID	経験業種2	selectone	-	-	-	○	○	MSTINDSCTG
WRKCAREER#EXPINDSCTG3_ID	経験業種3	selectone	-	-	-	○	○	MSTINDSCTG
WRKCAREER#EXPINDSCTG4_ID	経験業種4	selectone	-	-	-	○	○	MSTINDSCTG
WRKCAREER#EXPINDSCTG5_ID	経験業種5	selectone	-	-	-	○	○	MSTINDSCTG
WRKCAREER#EXPINDSCTG6_ID	経験業種6	selectone	-	-	-	○	○	MSTINDSCTG
WRKCAREER#EXPOCUPCTG1_ID	経験職種1	selectone	-	-	-	○	○	MSTOCUP3CLASS
WRKCAREER#EXPOCUPCTG2_ID	経験職種2	selectone	-	-	-	○	○	MSTOCUP3CLASS
WRKCAREER#EXPOCUPCTG3_ID	経験職種3	selectone	-	-	-	○	○	MSTOCUP3CLASS
WRKCAREER#EXPOCUPCTG4_ID	経験職種4	selectone	-	-	-	○	○	MSTOCUP3CLASS
WRKCAREER#EXPOCUPCTG5_ID	経験職種5	selectone	-	-	-	○	○	MSTOCUP3CLASS
WRKCAREER#EXPOCUPCTG6_ID	経験職種6	selectone	-	-	-	○	○	MSTOCUP3CLASS
WRKCAREER#FIRSTNAME	氏名（名）	text	30	●	-	○	○	-
WRKCAREER#FIRSTNAMEKANA	フリガナ（名）	text	15	●	-	○	○	-
WRKCAREER#FRIGNCPTL_FLG1	職歴1外資フラグ	selectone	-	-	-	○	○	MSTCHOICE
WRKCAREER#FRIGNCPTL_FLG10	職歴10外資フラグ	selectone	-	-	-	○	○	MSTCHOICE
WRKCAREER#FRIGNCPTL_FLG2	職歴2外資フラグ	selectone	-	-	-	○	○	MSTCHOICE
WRKCAREER#FRIGNCPTL_FLG3	職歴3外資フラグ	selectone	-	-	-	○	○	MSTCHOICE
WRKCAREER#FRIGNCPTL_FLG4	職歴4外資フラグ	selectone	-	-	-	○	○	MSTCHOICE
WRKCAREER#FRIGNCPTL_FLG5	職歴5外資フラグ	selectone	-	-	-	○	○	MSTCHOICE
WRKCAREER#FRIGNCPTL_FLG6	職歴6外資フラグ	selectone	-	-	-	○	○	MSTCHOICE
WRKCAREER#FRIGNCPTL_FLG7	職歴7外資フラグ	selectone	-	-	-	○	○	MSTCHOICE
WRKCAREER#FRIGNCPTL_FLG8	職歴8外資フラグ	selectone	-	-	-	○	○	MSTCHOICE
WRKCAREER#FRIGNCPTL_FLG9	職歴9外資フラグ	selectone	-	-	-	○	○	MSTCHOICE
WRKCAREER#GRAD_FLG	卒業中退卒業見込みフラグ	number	1	-	-	○	○	MSTGRAD
WRKCAREER#GRADMON	卒業年月（月）	number	2	-	-	○	○	-
WRKCAREER#GRADYR	卒業年月（年）	number	4	-	-	○	○	-
WRKCAREER#IMPRESSCOMMENT	印象コメント	textarea	2000	-	-	○	×	-
WRKCAREER#INDSCTG_ID1	職歴1業種	selectone	-	-	-	○	○	MSTINDSCTG
WRKCAREER#INDSCTG_ID10	職歴10業種	selectone	-	-	-	○	○	MSTINDSCTG
WRKCAREER#INDSCTG_ID2	職歴2業種	selectone	-	-	-	○	○	MSTINDSCTG
WRKCAREER#INDSCTG_ID3	職歴3業種	selectone	-	-	-	○	○	MSTINDSCTG
WRKCAREER#INDSCTG_ID4	職歴4業種	selectone	-	-	-	○	○	MSTINDSCTG
WRKCAREER#INDSCTG_ID5	職歴5業種	selectone	-	-	-	○	○	MSTINDSCTG
WRKCAREER#INDSCTG_ID6	職歴6業種	selectone	-	-	-	○	○	MSTINDSCTG
WRKCAREER#INDSCTG_ID7	職歴7業種	selectone	-	-	-	○	○	MSTINDSCTG
WRKCAREER#INDSCTG_ID8	職歴8業種	selectone	-	-	-	○	○	MSTINDSCTG
WRKCAREER#INDSCTG_ID9	職歴9業種	selectone	-	-	-	○	○	MSTINDSCTG
WRKCAREER#INHABITTYPE_ID	居住区分	selectone	-	-	-	○	○	MSTINHABITTYPE
WRKCAREER#JOBCHANGE_DATEM	希望転職時期（月）	number	2	-	-	○	○	-
WRKCAREER#JOBCHANGE_DATEY	希望転職時期（年）	number	4	-	-	○	○	-
WRKCAREER#JOBCHANGE_FLG	希望転職時期	selectone	-	-	-	○	○	MSTJOBCHANGETIME
WRKCAREER#KEIREKI	メモ	textarea	10000	-	-	○	×	-
WRKCAREER#LASTNAME	氏名（姓）	text	30	●	-	○	○	-
WRKCAREER#LASTNAMEKANA	フリガナ（姓）	text	15	●	-	○	○	-
WRKCAREER#LISTED_ID1	職歴1上場・外資区分	selectone	-	-	-	○	○	MSTLISTED
WRKCAREER#LISTED_ID10	職歴10上場・外資区分	selectone	-	-	-	○	○	MSTLISTED
WRKCAREER#LISTED_ID2	職歴2上場・外資区分	selectone	-	-	-	○	○	MSTLISTED
WRKCAREER#LISTED_ID3	職歴3上場・外資区分	selectone	-	-	-	○	○	MSTLISTED
WRKCAREER#LISTED_ID4	職歴4上場・外資区分	selectone	-	-	-	○	○	MSTLISTED
WRKCAREER#LISTED_ID5	職歴5上場・外資区分	selectone	-	-	-	○	○	MSTLISTED
WRKCAREER#LISTED_ID6	職歴6上場・外資区分	selectone	-	-	-	○	○	MSTLISTED
WRKCAREER#LISTED_ID7	職歴7上場・外資区分	selectone	-	-	-	○	○	MSTLISTED
WRKCAREER#LISTED_ID8	職歴8上場・外資区分	selectone	-	-	-	○	○	MSTLISTED
WRKCAREER#LISTED_ID9	職歴9上場・外資区分	selectone	-	-	-	○	○	MSTLISTED
WRKCAREER#LSTSCHL_ID	最終学歴	selectone	-	-	-	○	○	MSTLSTSCHL
WRKCAREER#MEDIA_ID	登録ルート	selectone	-	-	-	○	○	MSTMEDIA
WRKCAREER#MEDIANOTES	ルート詳細	textarea	200	-	-	○	○	-
WRKCAREER#MEMO	備考	textarea	2000	-	-	○	×	-
WRKCAREER#MEMO1	職歴1備考	textarea	200	-	-	○	○	-
WRKCAREER#MEMO10	職歴10備考	textarea	200	-	-	○	○	-
WRKCAREER#MEMO2	職歴2備考	textarea	200	-	-	○	○	-
WRKCAREER#MEMO3	職歴3備考	textarea	200	-	-	○	○	-
WRKCAREER#MEMO4	職歴4備考	textarea	200	-	-	○	○	-
WRKCAREER#MEMO5	職歴5備考	textarea	200	-	-	○	○	-
WRKCAREER#MEMO6	職歴6備考	textarea	200	-	-	○	○	-
WRKCAREER#MEMO7	職歴7備考	textarea	200	-	-	○	○	-
WRKCAREER#MEMO8	職歴8備考	textarea	200	-	-	○	○	-
WRKCAREER#MEMO9	職歴9備考	textarea	200	-	-	○	○	-
WRKCAREER#MINWISHANNUALINCM_NUM	最低希望年収	number	12	-	-	○	○	-
WRKCAREER#NEARESTSTATION_ID	最寄駅	search	-	-	-	○	○	MSTSTATION
WRKCAREER#OLDCAREER_ID	過去ID	text	20	-	-	○	○	-
WRKCAREER#OTHERAGENT_NUM	他社への登録	number	2	-	-	○	○	-
WRKCAREER#OTRLANG1_ID	言語1・言語名	selectone	-	-	-	○	○	MSTOTRLANG
WRKCAREER#OTRLANG2_ID	言語2・言語名	selectone	-	-	-	○	○	MSTOTRLANG
WRKCAREER#OTRLANG3_ID	言語3・言語名	selectone	-	-	-	○	○	MSTOTRLANG
WRKCAREER#OTRLANGEXPYEAR1	言語1・ビジネス経験	number	2	-	-	○	○	-
WRKCAREER#OTRLANGEXPYEAR2	言語2・ビジネス経験	number	2	-	-	○	○	-
WRKCAREER#OTRLANGEXPYEAR3	言語3・ビジネス経験	number	2	-	-	○	○	-
WRKCAREER#OTRLANGMEMO	語学（英語以外）その他補足	textarea	200	-	-	○	○	-
WRKCAREER#OTRREAD1_ID	言語1・読解	selectone	-	-	-	○	○	MSTREADSKL
WRKCAREER#OTRREAD2_ID	言語2・読解	selectone	-	-	-	○	○	MSTREADSKL
WRKCAREER#OTRREAD3_ID	言語3・読解	selectone	-	-	-	○	○	MSTREADSKL
WRKCAREER#OTRSPEAK1_ID	言語1・会話	selectone	-	-	-	○	○	MSTSPEAKSKL
WRKCAREER#OTRSPEAK2_ID	言語2・会話	selectone	-	-	-	○	○	MSTSPEAKSKL
WRKCAREER#OTRSPEAK3_ID	言語3・会話	selectone	-	-	-	○	○	MSTSPEAKSKL
WRKCAREER#OTRWRITE1_ID	言語1・作文	selectone	-	-	-	○	○	MSTWRITESKL
WRKCAREER#OTRWRITE2_ID	言語2・作文	selectone	-	-	-	○	○	MSTWRITESKL
WRKCAREER#OTRWRITE3_ID	言語3・作文	selectone	-	-	-	○	○	MSTWRITESKL
WRKCAREER#POST1	職歴1役職	text	25	-	-	○	○	-
WRKCAREER#POST10	職歴10役職	text	25	-	-	○	○	-
WRKCAREER#POST2	職歴2役職	text	25	-	-	○	○	-
WRKCAREER#POST3	職歴3役職	text	25	-	-	○	○	-
WRKCAREER#POST4	職歴4役職	text	25	-	-	○	○	-
WRKCAREER#POST5	職歴5役職	text	25	-	-	○	○	-
WRKCAREER#POST6	職歴6役職	text	25	-	-	○	○	-
WRKCAREER#POST7	職歴7役職	text	25	-	-	○	○	-
WRKCAREER#POST8	職歴8役職	text	25	-	-	○	○	-
WRKCAREER#POST9	職歴9役職	text	25	-	-	○	○	-
WRKCAREER#PREF_ID	都道府県	selectone	-	-	-	○	○	MSTPREF
WRKCAREER#QUALDETAILS1	資格1	text	100	-	-	○	○	-
WRKCAREER#QUALDETAILS2	資格2	text	100	-	-	○	○	-
WRKCAREER#QUALDETAILS3	資格3	text	100	-	-	○	○	-
WRKCAREER#QUALDETAILS4	資格4	text	100	-	-	○	○	-
WRKCAREER#QUALDETAILS5	資格5	text	100	-	-	○	○	-
WRKCAREER#QUALDETAILS6	資格6	text	100	-	-	○	○	-
WRKCAREER#QUALMON1	資格月1	number	2	-	-	○	○	-
WRKCAREER#QUALMON2	資格月2	number	2	-	-	○	○	-
WRKCAREER#QUALMON3	資格月3	number	2	-	-	○	○	-
WRKCAREER#QUALMON4	資格月4	number	2	-	-	○	○	-
WRKCAREER#QUALMON5	資格月5	number	2	-	-	○	○	-
WRKCAREER#QUALMON6	資格月6	number	2	-	-	○	○	-
WRKCAREER#QUALOTHER	その他資格	textarea	2000	-	-	○	×	-
WRKCAREER#QUALYR1	資格年1	number	4	-	-	○	○	-
WRKCAREER#QUALYR2	資格年2	number	4	-	-	○	○	-
WRKCAREER#QUALYR3	資格年3	number	4	-	-	○	○	-
WRKCAREER#QUALYR4	資格年4	number	4	-	-	○	○	-
WRKCAREER#QUALYR5	資格年5	number	4	-	-	○	○	-
WRKCAREER#QUALYR6	資格年6	number	4	-	-	○	○	-
WRKCAREER#QUITRSN1	職歴1退職理由	textarea	500	-	-	○	○	-
WRKCAREER#QUITRSN10	職歴10退職理由	textarea	500	-	-	○	○	-
WRKCAREER#QUITRSN2	職歴2退職理由	textarea	500	-	-	○	○	-
WRKCAREER#QUITRSN3	職歴3退職理由	textarea	500	-	-	○	○	-
WRKCAREER#QUITRSN4	職歴4退職理由	textarea	500	-	-	○	○	-
WRKCAREER#QUITRSN5	職歴5退職理由	textarea	500	-	-	○	○	-
WRKCAREER#QUITRSN6	職歴6退職理由	textarea	500	-	-	○	○	-
WRKCAREER#QUITRSN7	職歴7退職理由	textarea	500	-	-	○	○	-
WRKCAREER#QUITRSN8	職歴8退職理由	textarea	500	-	-	○	○	-
WRKCAREER#QUITRSN9	職歴9退職理由	textarea	500	-	-	○	○	-
WRKCAREER#RECOGNIZEHPID	HP認知アンケートID	selectone	-	-	-	○	○	MSTRECOGNIZEHP
WRKCAREER#REGSTATUS_ID	登録ステータス	selectone	2	●	-	○	○	MSTREGSTATUS
WRKCAREER#SCHLDEPTNAME	学部・学科	text	35	-	-	○	○	-
WRKCAREER#SCHLMEMO	その他学歴	textarea	2000	-	-	○	×	-
WRKCAREER#SCHLNAME	学校名	text	70	-	-	○	○	-
WRKCAREER#SCIENCE_FLG	理系チェックボックス	selectone	-	-	-	○	○	MSTCHOICE
WRKCAREER#SEX_FLG	性別	selectone	-	-	-	○	○	MSTSEX
WRKCAREER#SPOUSE_FLG	配偶者	selectone	-	-	-	○	○	MST_CONTENT_CODE
WRKCAREER#SZLARGE_FLG	規模（大）	selectone	-	-	-	○	○	MSTCHOICE
WRKCAREER#SZMID_FLG	規模（中）	selectone	-	-	-	○	○	MSTCHOICE
WRKCAREER#SZSMALL_FLG	規模（小）	selectone	-	-	-	○	○	MSTCHOICE
WRKCAREER#TOEFL	TOEFL	number	3	-	-	○	○	-
WRKCAREER#TOEFLM	TOEFL（取得月）	number	2	-	-	○	○	-
WRKCAREER#TOEFLY	TOEFL（取得年）	number	4	-	-	○	○	-
WRKCAREER#TOEIC	TOEIC	number	3	-	-	○	○	-
WRKCAREER#TOEICM	TOEIC（取得月）	number	2	-	-	○	○	-
WRKCAREER#TOEICY	TOEIC（取得年）	number	4	-	-	○	○	-
WRKCAREER#WALKBUS_FLG	バス・徒歩	selectone	-	-	-	○	○	MSTWALKBUS
WRKCAREER#WALKBUSTIME	バス・徒歩（分）	number	3	-	-	○	○	-
WRKCAREER#WISHANNUALINCM_NUM	希望年収	number	12	-	-	○	○	-
WRKCAREER#WISHINDSCTG1_ID	希望業種1	selectone	-	-	-	○	○	MSTINDSCTG
WRKCAREER#WISHINDSCTG2_ID	希望業種2	selectone	-	-	-	○	○	MSTINDSCTG
WRKCAREER#WISHINDSCTG3_ID	希望業種3	selectone	-	-	-	○	○	MSTINDSCTG
WRKCAREER#WISHINDSCTG4_ID	希望業種4	selectone	-	-	-	○	○	MSTINDSCTG
WRKCAREER#WISHINDSCTG5_ID	希望業種5	selectone	-	-	-	○	○	MSTINDSCTG
WRKCAREER#WISHINDSCTG6_ID	希望業種6	selectone	-	-	-	○	○	MSTINDSCTG
WRKCAREER#WISHINDSCTGMEMO	希望業種内容補足	textarea	250	-	-	○	○	-
WRKCAREER#WISHOCUPCTG1_ID	希望職種1	selectone	-	-	-	○	○	MSTOCUP3CLASS
WRKCAREER#WISHOCUPCTG2_ID	希望職種2	selectone	-	-	-	○	○	MSTOCUP3CLASS
WRKCAREER#WISHOCUPCTG3_ID	希望職種3	selectone	-	-	-	○	○	MSTOCUP3CLASS
WRKCAREER#WISHOCUPCTG4_ID	希望職種4	selectone	-	-	-	○	○	MSTOCUP3CLASS
WRKCAREER#WISHOCUPCTG5_ID	希望職種5	selectone	-	-	-	○	○	MSTOCUP3CLASS
WRKCAREER#WISHOCUPCTG6_ID	希望職種6	selectone	-	-	-	○	○	MSTOCUP3CLASS
WRKCAREER#WISHOCUPCTGMEMO	希望職種内容補足	textarea	500	-	-	○	○	-
WRKCAREER#WISHOTHERS	その他希望条件補足	textarea	2000	-	-	○	×	-
WRKCAREER#WISHWKAREA_ID	希望勤務地	select	-	-	-	○	○	MSTPREF
WRKCAREER#WISHWKAREAMEMO	希望勤務地域補足	textarea	100	-	-	○	○	-
WRKCAREER#WKCONTENTS1	職歴1職務内容	textarea	4000	-	-	○	×	-
WRKCAREER#WKCONTENTS10	職歴10職務内容	textarea	4000	-	-	○	×	-
WRKCAREER#WKCONTENTS2	職歴2職務内容	textarea	4000	-	-	○	×	-
WRKCAREER#WKCONTENTS3	職歴3職務内容	textarea	4000	-	-	○	×	-
WRKCAREER#WKCONTENTS4	職歴4職務内容	textarea	4000	-	-	○	×	-
WRKCAREER#WKCONTENTS5	職歴5職務内容	textarea	4000	-	-	○	×	-
WRKCAREER#WKCONTENTS6	職歴6職務内容	textarea	4000	-	-	○	×	-
WRKCAREER#WKCONTENTS7	職歴7職務内容	textarea	4000	-	-	○	×	-
WRKCAREER#WKCONTENTS8	職歴8職務内容	textarea	4000	-	-	○	×	-
WRKCAREER#WKCONTENTS9	職歴9職務内容	textarea	4000	-	-	○	×	-
WRKCAREER#WKPERIODE_DATEM1	職歴1期間（終了月）	number	2	-	-	○	○	-
WRKCAREER#WKPERIODE_DATEM10	職歴10期間（終了月）	number	2	-	-	○	○	-
WRKCAREER#WKPERIODE_DATEM2	職歴2期間（終了月）	number	2	-	-	○	○	-
WRKCAREER#WKPERIODE_DATEM3	職歴3期間（終了月）	number	2	-	-	○	○	-
WRKCAREER#WKPERIODE_DATEM4	職歴4期間（終了月）	number	2	-	-	○	○	-
WRKCAREER#WKPERIODE_DATEM5	職歴5期間（終了月）	number	2	-	-	○	○	-
WRKCAREER#WKPERIODE_DATEM6	職歴6期間（終了月）	number	2	-	-	○	○	-
WRKCAREER#WKPERIODE_DATEM7	職歴7期間（終了月）	number	2	-	-	○	○	-
WRKCAREER#WKPERIODE_DATEM8	職歴8期間（終了月）	number	2	-	-	○	○	-
WRKCAREER#WKPERIODE_DATEM9	職歴9期間（終了月）	number	2	-	-	○	○	-
WRKCAREER#WKPERIODE_DATEY1	職歴1期間（終了年）	number	4	-	-	○	○	-
WRKCAREER#WKPERIODE_DATEY10	職歴10期間（終了年）	number	4	-	-	○	○	-
WRKCAREER#WKPERIODE_DATEY2	職歴2期間（終了年）	number	4	-	-	○	○	-
WRKCAREER#WKPERIODE_DATEY3	職歴3期間（終了年）	number	4	-	-	○	○	-
WRKCAREER#WKPERIODE_DATEY4	職歴4期間（終了年）	number	4	-	-	○	○	-
WRKCAREER#WKPERIODE_DATEY5	職歴5期間（終了年）	number	4	-	-	○	○	-
WRKCAREER#WKPERIODE_DATEY6	職歴6期間（終了年）	number	4	-	-	○	○	-
WRKCAREER#WKPERIODE_DATEY7	職歴7期間（終了年）	number	4	-	-	○	○	-
WRKCAREER#WKPERIODE_DATEY8	職歴8期間（終了年）	number	4	-	-	○	○	-
WRKCAREER#WKPERIODE_DATEY9	職歴9期間（終了年）	number	4	-	-	○	○	-
WRKCAREER#WKPERIODS_DATEM1	職歴1期間（開始月）	number	2	-	-	○	○	-
WRKCAREER#WKPERIODS_DATEM10	職歴10期間（開始月）	number	2	-	-	○	○	-
WRKCAREER#WKPERIODS_DATEM2	職歴2期間（開始月）	number	2	-	-	○	○	-
WRKCAREER#WKPERIODS_DATEM3	職歴3期間（開始月）	number	2	-	-	○	○	-
WRKCAREER#WKPERIODS_DATEM4	職歴4期間（開始月）	number	2	-	-	○	○	-
WRKCAREER#WKPERIODS_DATEM5	職歴5期間（開始月）	number	2	-	-	○	○	-
WRKCAREER#WKPERIODS_DATEM6	職歴6期間（開始月）	number	2	-	-	○	○	-
WRKCAREER#WKPERIODS_DATEM7	職歴7期間（開始月）	number	2	-	-	○	○	-
WRKCAREER#WKPERIODS_DATEM8	職歴8期間（開始月）	number	2	-	-	○	○	-
WRKCAREER#WKPERIODS_DATEM9	職歴9期間（開始月）	number	2	-	-	○	○	-
WRKCAREER#WKPERIODS_DATEY1	職歴1期間（開始年）	number	4	-	-	○	○	-
WRKCAREER#WKPERIODS_DATEY10	職歴10期間（開始年）	number	4	-	-	○	○	-
WRKCAREER#WKPERIODS_DATEY2	職歴2期間（開始年）	number	4	-	-	○	○	-
WRKCAREER#WKPERIODS_DATEY3	職歴3期間（開始年）	number	4	-	-	○	○	-
WRKCAREER#WKPERIODS_DATEY4	職歴4期間（開始年）	number	4	-	-	○	○	-
WRKCAREER#WKPERIODS_DATEY5	職歴5期間（開始年）	number	4	-	-	○	○	-
WRKCAREER#WKPERIODS_DATEY6	職歴6期間（開始年）	number	4	-	-	○	○	-
WRKCAREER#WKPERIODS_DATEY7	職歴7期間（開始年）	number	4	-	-	○	○	-
WRKCAREER#WKPERIODS_DATEY8	職歴8期間（開始年）	number	4	-	-	○	○	-
WRKCAREER#WKPERIODS_DATEY9	職歴9期間（開始年）	number	4	-	-	○	○	-
WRKCAREER#WKSTATUS_ID	現在の状況	selectone	-	-	-	○	○	MSTWKSTATUS
WRKCAREER#ZIP_ID	郵便番号	search	-	-	-	○	○	MSTZIPCODE
WRKCAREER#TEL1	電話番号1	text	20	-	-	○	○	-
WRKCAREER#CAN_CONTACT_TEL1	電話番号1連絡可	selectone	-	-	-	○	○	MSTCHOICE
WRKCAREER#IS_TEL1_PREFERRED	電話番号1優先	selectone	-	-	-	○	○	MSTCHOICE
WRKCAREER#TEL2	電話番号2	text	20	-	-	○	○	-
WRKCAREER#CAN_CONTACT_TEL2	電話番号2連絡可	selectone	-	-	-	○	○	MSTCHOICE
WRKCAREER#IS_TEL2_PREFERRED	電話番号2優先	selectone	-	-	-	○	○	MSTCHOICE
WRKCAREER#TEL3	電話番号3	text	20	-	-	○	○	-
WRKCAREER#CAN_CONTACT_TEL3	電話番号3連絡可	selectone	-	-	-	○	○	MSTCHOICE
WRKCAREER#IS_TEL3_PREFERRED	電話番号3優先	selectone	-	-	-	○	○	MSTCHOICE
WRKCAREER#EMAIL1	メールアドレス1	text	50	-	-	○	○	-
WRKCAREER#CAN_CONTACT_EMAIL1	メールアドレス1連絡可	selectone	-	-	-	○	○	MSTCHOICE
WRKCAREER#IS_EMAIL1_PREFERRED	メールアドレス1優先	selectone	-	-	-	○	○	MSTCHOICE
WRKCAREER#EMAIL2	メールアドレス2	text	50	-	-	○	○	-
WRKCAREER#CAN_CONTACT_EMAIL2	メールアドレス2連絡可	selectone	-	-	-	○	○	MSTCHOICE
WRKCAREER#IS_EMAIL2_PREFERRED	メールアドレス2優先	selectone	-	-	-	○	○	MSTCHOICE
WRKCAREER#EMAIL3	メールアドレス3	text	50	-	-	○	○	-
WRKCAREER#CAN_CONTACT_EMAIL3	メールアドレス3連絡可	selectone	-	-	-	○	○	MSTCHOICE
WRKCAREER#IS_EMAIL3_PREFERRED	メールアドレス3優先	selectone	-	-	-	○	○	MSTCHOICE
WRKCAREER#SNS1	SNS1	text	200	-	-	○	○	-
WRKCAREER#SNS2	SNS2	text	200	-	-	○	○	-
WRKCAREER#SNS3	SNS3	text	200	-	-	○	○	-
WRKCAREER#SNS4	SNS4	text	200	-	-	○	○	-
WRKCAREER#ADDR1KANA	市区町村カナ	text	50	-	-	○	○	-
WRKCAREER#ADDR2KANA	丁目番地号カナ	text	70	-	-	○	○	-
WRKCAREER#CNSLSTATUS_ID	面談ステータス	selectone	-	-	-	○	○	MSTCNSLSTATUS
WRKCAREER#RANK_ID	ランク	selectone	-	-	-	○	○	MSTCONRANK
WRKCAREER#CHECK_FLG	ランク（チェックボックス）	selectone	-	-	-	○	○	MSTCHOICE
WRKCAREER#PUBLICEMPLOYMENT_REV2023_ID	職安職種（新分類）	selectone	-	-	-	○	○	MSTPUBLICEMPLOYMENT_REV2023
WRKCAREER#DOC_READING_FLG	英語・ビジネス経験（文書・マニュアル読解）	selectone	-	-	-	○	○	MSTCHOICE
WRKCAREER#TO_EXCHANGE_EMAIL_FLG	英語・ビジネス経験（e-mailでのやりとり）	selectone	-	-	-	○	○	MSTCHOICE
WRKCAREER#TEL_CONVERSATION_FLG	英語・ビジネス経験（電話での会話）	selectone	-	-	-	○	○	MSTCHOICE
WRKCAREER#CONFERENCE_IN_ENG_FLG	英語・ビジネス経験（英語での会議）	selectone	-	-	-	○	○	MSTCHOICE
WRKCAREER#BUSI_TALK_AND_NEGO_IN_ENG_FLG	英語・ビジネス経験（英語での商談・交渉）	selectone	-	-	-	○	○	MSTCHOICE
WRKCAREER#STAY_ABROAD_FLG	英語・ビジネス経験（海外滞在）	selectone	-	-	-	○	○	MSTCHOICE
WRKCAREER#MONTHLY_ANNUALINCOME_NUM	月収	number	12	-	-	○	○	-
WRKCAREER#YEAR_BONUS	年間賞与	number	12	-	-	○	○	-
WRKCAREER#ALLOWANCE_ID1	諸手当1（区分）	selectone	-	-	-	○	○	MSTALLOWANCE
WRKCAREER#ALLOWANCE_ID2	諸手当2（区分）	selectone	-	-	-	○	○	MSTALLOWANCE
WRKCAREER#ALLOWANCE_ID3	諸手当3（区分）	selectone	-	-	-	○	○	MSTALLOWANCE
WRKCAREER#ALLOWANCE_ID4	諸手当4（区分）	selectone	-	-	-	○	○	MSTALLOWANCE
WRKCAREER#ALLOWANCE_NUM_1	諸手当1（金額）	number	12	-	-	○	○	-
WRKCAREER#ALLOWANCE_NUM_2	諸手当2（金額）	number	12	-	-	○	○	-
WRKCAREER#ALLOWANCE_NUM_3	諸手当3（金額）	number	12	-	-	○	○	-
WRKCAREER#ALLOWANCE_NUM_4	諸手当4（金額）	number	12	-	-	○	○	-
WRKCAREER#CAREER_SHEET_MEMO	キャリアシート備考	textarea	2000	-	-	○	×	-