対象リソース	部署
RESOURCE_CATEGORY	department 
関連リソース	企業
項目ID	項目ラベル	項目タイプ	最大サイズ	必須	読み取り専用	更新	並び替え	参照マスタ
DEPARTMENT#ADDR1	市区町村	text	100	-	-	○	○	-
DEPARTMENT#ADDR2	丁目番地号	text	70	-	-	○	○	-
DEPARTMENT#ADDR3	ビル名等	text	50	-	-	○	○	-
DEPARTMENT#CHARGE_ID	担当者	selectone	-	●	-	○	○	MSTUSER
DEPARTMENT#CHARGEAREA_ID	担当エリア	selectone	-	-	-	○	○	MSTAREA
DEPARTMENT#CHARGETEAM_ID	担当チーム	selectone	-	-	●	○	○	MSTTEAM
DEPARTMENT#CLIENT_ID	企業ID	number	-	-	●	○	○	-
DEPARTMENT#CLIENTSUB_ID	部署番号	number	-	-	●	○	○	-
DEPARTMENT#CLT_DEPT	担当者・所属部署	text	100	●	-	○	○	-
DEPARTMENT#CLT_DEPT2	責任者・所属部署	text	100	-	-	○	○	-
DEPARTMENT#CLT_CHARGE_SEQ1	担当者・部署担当者ID1	number	8	-	-	-	○	-
DEPARTMENT#CLT_CHARGE_SEQ2	担当者・部署担当者ID2	number	8	-	-	-	○	-
DEPARTMENT#CLT_CHARGE_SEQ3	担当者・部署担当者ID3	number	8	-	-	-	○	-
DEPARTMENT#CLT_CHARGE_SEQ4	担当者・部署担当者ID4	number	8	-	-	-	○	-
DEPARTMENT#CLT_CHARGE_SEQ5	担当者・部署担当者ID5	number	8	-	-	-	○	-
DEPARTMENT#CLT_CHARGE_TYPE1	担当者・主担当1	number	1	-	-	○	○	MSTCHOICE
DEPARTMENT#CLT_CHARGE_TYPE2	担当者・主担当2	number	1	-	-	○	○	MSTCHOICE
DEPARTMENT#CLT_CHARGE_TYPE3	担当者・主担当3	number	1	-	-	○	○	MSTCHOICE
DEPARTMENT#CLT_CHARGE_TYPE4	担当者・主担当4	number	1	-	-	○	○	MSTCHOICE
DEPARTMENT#CLT_CHARGE_TYPE5	担当者・主担当5	number	1	-	-	○	○	MSTCHOICE
DEPARTMENT#CLT_CHARGE_POST1	担当者・役職1	text	25	-	-	○	○	-
DEPARTMENT#CLT_CHARGE_POST2	担当者・役職2	text	25	-	-	○	○	-
DEPARTMENT#CLT_CHARGE_POST3	担当者・役職3	text	25	-	-	○	○	-
DEPARTMENT#CLT_CHARGE_POST4	担当者・役職4	text	25	-	-	○	○	-
DEPARTMENT#CLT_CHARGE_POST5	担当者・役職5	text	25	-	-	○	○	-
DEPARTMENT#CLT_CHARGE_NAME1	担当者・氏名1	text	25	-	-	○	○	-
DEPARTMENT#CLT_CHARGE_NAME2	担当者・氏名2	text	25	-	-	○	○	-
DEPARTMENT#CLT_CHARGE_NAME3	担当者・氏名3	text	25	-	-	○	○	-
DEPARTMENT#CLT_CHARGE_NAME4	担当者・氏名4	text	25	-	-	○	○	-
DEPARTMENT#CLT_CHARGE_NAME5	担当者・氏名5	text	25	-	-	○	○	-
DEPARTMENT#CLT_CHARGE_TEL1	担当者・Tel1	text	20	-	-	○	○	-
DEPARTMENT#CLT_CHARGE_TEL2	担当者・Tel2	text	20	-	-	○	○	-
DEPARTMENT#CLT_CHARGE_TEL3	担当者・Tel3	text	20	-	-	○	○	-
DEPARTMENT#CLT_CHARGE_TEL4	担当者・Tel4	text	20	-	-	○	○	-
DEPARTMENT#CLT_CHARGE_TEL5	担当者・Tel5	text	20	-	-	○	○	-
DEPARTMENT#CLT_CHARGE_FAX1	担当者・Fax1	text	20	-	-	○	○	-
DEPARTMENT#CLT_CHARGE_FAX2	担当者・Fax2	text	20	-	-	○	○	-
DEPARTMENT#CLT_CHARGE_FAX3	担当者・Fax3	text	20	-	-	○	○	-
DEPARTMENT#CLT_CHARGE_FAX4	担当者・Fax4	text	20	-	-	○	○	-
DEPARTMENT#CLT_CHARGE_FAX5	担当者・Fax5	text	20	-	-	○	○	-
DEPARTMENT#CLT_CHARGE_Email1	担当者・Email1	text	50	-	-	○	○	-
DEPARTMENT#CLT_CHARGE_Email2	担当者・Email2	text	50	-	-	○	○	-
DEPARTMENT#CLT_CHARGE_Email3	担当者・Email3	text	50	-	-	○	○	-
DEPARTMENT#CLT_CHARGE_Email4	担当者・Email4	text	50	-	-	○	○	-
DEPARTMENT#CLT_CHARGE_Email5	担当者・Email5	text	50	-	-	○	○	-
DEPARTMENT#CLT_MEMO1	担当者・備考	textarea	100	-	-	○	○	-
DEPARTMENT#CLT_EMAIL2	責任者・E-mail	text	50	-	-	○	○	-
DEPARTMENT#CLT_FAX2	責任者・Fax	text	20	-	-	○	○	-
DEPARTMENT#CLT_MEMO2	責任者・備考	textarea	100	-	-	○	○	-
DEPARTMENT#CLT_NAME2	責任者・氏名	text	25	-	-	○	○	-
DEPARTMENT#CLT_POST2	責任者・役職	text	25	-	-	○	○	-
DEPARTMENT#CLT_TEL2	責任者・Tel	text	20	-	-	○	○	-
DEPARTMENT#INSERT_DATE	入力日	datetime	-	-	●	○	○	-
DEPARTMENT#MEMO	備考	textarea	100	-	-	○	○	-
DEPARTMENT#PREF_ID	都道府県ID	selectone	-	-	-	○	○	MSTPREF
DEPARTMENT#STATION1_ID	最寄駅 ID1	search	-	-	-	○	○	MSTSTATION
DEPARTMENT#STATION2_ID	最寄駅ID2	search	-	-	-	○	○	MSTSTATION
DEPARTMENT#UPDATE_DATE	更新日	datetime	-	-	●	○	○	-
DEPARTMENT#UPDATEUSER_ID	更新者ID	selectone	-	-	-	○	○	MSTUSER
DEPARTMENT#WALKBUS1_FLG	バス・徒歩区分1	selectone	-	-	-	○	○	MSTWALKBUS
DEPARTMENT#WALKBUS2_FLG	バス・徒歩区分2	selectone	-	-	-	○	○	MSTWALKBUS
DEPARTMENT#WALKBUSTIME1	バス・徒歩 1(分)	number	3	-	-	○	○	-
DEPARTMENT#WALKBUSTIME2	バス・徒歩2(分)	number	3	-	-	○	○	-
DEPARTMENT#ZIP_ID	郵便番号	search	-	-	-	○	○	MSTZIPCODE